user,tweet,date,likes,geo,coordinates,place,user_loc,query
_Gentle_Kabir,"It's #BATSHET2023! 
Obi must be defeated for sanity to return back to the TL.",2022-11-26 16:26:34+00:00,0,,,,Nigeria,#BATSHET2023
chikezus,"@CrownprinceCom2 Jungle is getting matured gradually
#BATSHET2023",2022-11-26 15:59:31+00:00,0,,,,,#BATSHET2023
olarht,"RT @princetb50: IT IS TINUBU O' CLOCK ‚è∞.
What are you waiting for, it is not too late to join this winning team
#BATSHET2023 https://t.co/p‚Ä¶",2022-11-26 15:37:48+00:00,0,,,,"Abuja, Nigeria",#BATSHET2023
princetb50,"IT IS TINUBU O' CLOCK ‚è∞.
What are you waiting for, it is not too late to join this winning team
#BATSHET2023 https://t.co/prxKQ4zAop",2022-11-26 15:35:22+00:00,3,,,,,#BATSHET2023
UNIQUEGUY_007,"RT @SAsekome: Frame 1: Airport Road, Abuja
Frame 2: Kubwa Express, Abuja
Frame 3: Independence Way, Kaduna
Frame 4: Nepa Roundabout, Kaduna‚Ä¶",2022-11-26 15:22:15+00:00,0,,,,,#BATSHET2023
L2Adeyemi,"RT @SAsekome: Frame 1: Airport Road, Abuja
Frame 2: Kubwa Express, Abuja
Frame 3: Independence Way, Kaduna
Frame 4: Nepa Roundabout, Kaduna‚Ä¶",2022-11-26 14:59:24+00:00,0,,,,,#BATSHET2023
BONILENLA_,"RT @SAsekome: Frame 1: Airport Road, Abuja
Frame 2: Kubwa Express, Abuja
Frame 3: Independence Way, Kaduna
Frame 4: Nepa Roundabout, Kaduna‚Ä¶",2022-11-26 14:58:48+00:00,0,,,,Abuja,#BATSHET2023
9ja_we_live,"RT @SAsekome: Frame 1: Airport Road, Abuja
Frame 2: Kubwa Express, Abuja
Frame 3: Independence Way, Kaduna
Frame 4: Nepa Roundabout, Kaduna‚Ä¶",2022-11-26 14:57:20+00:00,0,,,,"Canterbury, England",#BATSHET2023
dan_barde001,"RT @SAsekome: Frame 1: Airport Road, Abuja
Frame 2: Kubwa Express, Abuja
Frame 3: Independence Way, Kaduna
Frame 4: Nepa Roundabout, Kaduna‚Ä¶",2022-11-26 14:52:34+00:00,0,,,,Abuja ,#BATSHET2023
adewoleodugbes3,"RT @SAsekome: Frame 1: Airport Road, Abuja
Frame 2: Kubwa Express, Abuja
Frame 3: Independence Way, Kaduna
Frame 4: Nepa Roundabout, Kaduna‚Ä¶",2022-11-26 14:40:55+00:00,0,,,,,#BATSHET2023
AllejoGomez,"RT @SAsekome: Frame 1: Airport Road, Abuja
Frame 2: Kubwa Express, Abuja
Frame 3: Independence Way, Kaduna
Frame 4: Nepa Roundabout, Kaduna‚Ä¶",2022-11-26 14:35:55+00:00,0,,,,,#BATSHET2023
esholfc,"RT @SAsekome: Frame 1: Airport Road, Abuja
Frame 2: Kubwa Express, Abuja
Frame 3: Independence Way, Kaduna
Frame 4: Nepa Roundabout, Kaduna‚Ä¶",2022-11-26 14:34:22+00:00,0,,,,Lagos Nigeria,#BATSHET2023
williamzgr8,"ASiwaju you will always be ahead of them.
#BATHomeComing #BATSHET2023 https://t.co/NsI9PAnMVv",2022-11-26 14:32:57+00:00,0,,,,Nigeria ,#BATSHET2023
AkimAlo101,"RT @SAsekome: Frame 1: Airport Road, Abuja
Frame 2: Kubwa Express, Abuja
Frame 3: Independence Way, Kaduna
Frame 4: Nepa Roundabout, Kaduna‚Ä¶",2022-11-26 14:32:38+00:00,0,,,,"Lagos, Nigeria ",#BATSHET2023
theoman_234,"Our Arrival from Ogun State to TBS.
Awalokan stand still for Jagaban. 
@TinubuMediaS @officialABAT 
#BATSHET2023 
#RenewedHope2023 https://t.co/qu1zjRXBEM",2022-11-26 14:31:18+00:00,2,,,,Nigeria ,#BATSHET2023
theoman_234,"Awalokan youth initiatives for Asiwaju Bola Ahmed Tinubu Stand Still for @officialABAT 
#RenewedHope2023 
#BATSHET2023 https://t.co/Z83VITtzc4",2022-11-26 14:28:31+00:00,0,,,,Nigeria ,#BATSHET2023
GbolahanOkutubo,"RT @AmbProgressive: This is Lagos

ü¶Ö‚ù§Ô∏è
#RenewedHope2023 
#BATSHET2023 https://t.co/dcc2Ow3HEF",2022-11-26 14:21:09+00:00,0,,,,"Brampton, Ontario",#BATSHET2023
Princedeyemi_01,"RT @SAsekome: Frame 1: Airport Road, Abuja
Frame 2: Kubwa Express, Abuja
Frame 3: Independence Way, Kaduna
Frame 4: Nepa Roundabout, Kaduna‚Ä¶",2022-11-26 14:19:41+00:00,0,,,,Nigeria,#BATSHET2023
SupportBAT2023,"RT @SAsekome: Frame 1: Airport Road, Abuja
Frame 2: Kubwa Express, Abuja
Frame 3: Independence Way, Kaduna
Frame 4: Nepa Roundabout, Kaduna‚Ä¶",2022-11-26 13:51:52+00:00,0,,,,Nigeria,#BATSHET2023
nkyru,"RT @AmbProgressive: This is Lagos

ü¶Ö‚ù§Ô∏è
#RenewedHope2023 
#BATSHET2023 https://t.co/dcc2Ow3HEF",2022-11-26 13:46:50+00:00,0,,,,"Lagos,Nigeria",#BATSHET2023
oluwasegunadeb,"RT @SAsekome: Frame 1: Airport Road, Abuja
Frame 2: Kubwa Express, Abuja
Frame 3: Independence Way, Kaduna
Frame 4: Nepa Roundabout, Kaduna‚Ä¶",2022-11-26 13:42:51+00:00,0,,,,"Lagos, Nigeria",#BATSHET2023
Doyin_Biodun,Today Is all about TINUBU homecoming! #BATHomeComing #asiwajuiscoming #BATSHET2023 #RenewedHope2023,2022-11-26 13:42:35+00:00,0,,,,,#BATSHET2023
olamilekan7_,"RT @SAsekome: Frame 1: Airport Road, Abuja
Frame 2: Kubwa Express, Abuja
Frame 3: Independence Way, Kaduna
Frame 4: Nepa Roundabout, Kaduna‚Ä¶",2022-11-26 13:21:54+00:00,0,,,,Inside Life. ,#BATSHET2023
MilkyMunir,"RT @SAsekome: Frame 1: Airport Road, Abuja
Frame 2: Kubwa Express, Abuja
Frame 3: Independence Way, Kaduna
Frame 4: Nepa Roundabout, Kaduna‚Ä¶",2022-11-26 13:11:28+00:00,0,,,,"Ilorin, üá≥üá¨ Nigeria...... ",#BATSHET2023
saridonbobby,"RT @SAsekome: Frame 1: Airport Road, Abuja
Frame 2: Kubwa Express, Abuja
Frame 3: Independence Way, Kaduna
Frame 4: Nepa Roundabout, Kaduna‚Ä¶",2022-11-26 13:07:41+00:00,0,,,,Nigeria,#BATSHET2023
AmbProgressive,"This is Lagos

ü¶Ö‚ù§Ô∏è
#RenewedHope2023 
#BATSHET2023 https://t.co/dcc2Ow3HEF",2022-11-26 12:59:28+00:00,2,,,"Place(_api=<tweepy.api.API object at 0x10e48fbe0>, id='011a942e0a0e8fb2', url='https://api.twitter.com/1.1/geo/id/011a942e0a0e8fb2.json', place_type='admin', name='Lagos', full_name='Lagos, Nigeria', country_code='NG', country='Nigeria', contained_within=[], bounding_box=BoundingBox(_api=<tweepy.api.API object at 0x10e48fbe0>, type='Polygon', coordinates=[[[2.7063037, 6.3703877], [4.350022, 6.3703877], [4.350022, 6.6985461], [2.7063037, 6.6985461]]]), attributes={})","Abuja, Nigeria",#BATSHET2023
AdeyemoAttitude,"RT @SAsekome: Frame 1: Airport Road, Abuja
Frame 2: Kubwa Express, Abuja
Frame 3: Independence Way, Kaduna
Frame 4: Nepa Roundabout, Kaduna‚Ä¶",2022-11-26 12:13:03+00:00,0,,,,,#BATSHET2023
DejiAcre,"Akanbi, Olodo Ide. Ekun Oko Remilekun. üëèüëèüëèüî•

The Lion of Bourdillon. üí™

Ijaya gbogbo presidential aspirants.....Kaabo. ü§óüí™üí™üí™üí™üí™üí™üí™üëèüëèüëèüëè

#BATHomeComing 
#BATSHET2023 https://t.co/7XjiXbKuL7",2022-11-26 11:56:01+00:00,0,,,"Place(_api=<tweepy.api.API object at 0x10e48fbe0>, id='011a942e0a0e8fb2', url='https://api.twitter.com/1.1/geo/id/011a942e0a0e8fb2.json', place_type='admin', name='Lagos', full_name='Lagos, Nigeria', country_code='NG', country='Nigeria', contained_within=[], bounding_box=BoundingBox(_api=<tweepy.api.API object at 0x10e48fbe0>, type='Polygon', coordinates=[[[2.7063037, 6.3703877], [4.350022, 6.3703877], [4.350022, 6.6985461], [2.7063037, 6.6985461]]]), attributes={})","Lagos, Nigeria",#BATSHET2023
JAjibola,"RT @SAsekome: Frame 1: Airport Road, Abuja
Frame 2: Kubwa Express, Abuja
Frame 3: Independence Way, Kaduna
Frame 4: Nepa Roundabout, Kaduna‚Ä¶",2022-11-26 11:30:09+00:00,0,,,,,#BATSHET2023
TheBATgangan,"RT @SAsekome: Frame 1: Airport Road, Abuja
Frame 2: Kubwa Express, Abuja
Frame 3: Independence Way, Kaduna
Frame 4: Nepa Roundabout, Kaduna‚Ä¶",2022-11-26 11:15:32+00:00,0,,,,,#BATSHET2023
amoo_toyeeb,"RT @SAsekome: Frame 1: Airport Road, Abuja
Frame 2: Kubwa Express, Abuja
Frame 3: Independence Way, Kaduna
Frame 4: Nepa Roundabout, Kaduna‚Ä¶",2022-11-26 11:01:20+00:00,0,,,, Nigeria,#BATSHET2023
MUAZU_MARAFA,"RT @SAsekome: Frame 1: Airport Road, Abuja
Frame 2: Kubwa Express, Abuja
Frame 3: Independence Way, Kaduna
Frame 4: Nepa Roundabout, Kaduna‚Ä¶",2022-11-26 10:57:16+00:00,0,,,,Free land,#BATSHET2023
RaffaelAnyanwu,"RT @SAsekome: The gospel moved from Abuja to Kaduna üòéüòé
It was a pleasure meeting up with a fellow Kaduna based BATist @babsiwalewa. We had‚Ä¶",2022-11-26 10:47:05+00:00,0,,,,Irepo estate,#BATSHET2023
princeolaolatu1,"RT @SAsekome: Frame 1: Airport Road, Abuja
Frame 2: Kubwa Express, Abuja
Frame 3: Independence Way, Kaduna
Frame 4: Nepa Roundabout, Kaduna‚Ä¶",2022-11-26 10:44:49+00:00,0,,,,,#BATSHET2023
MUTIUOPEYEMI6,"RT @SAsekome: Today I took the @officialABAT gospel to my friend and brother in his office. Man got BATIFIED before I left üòé‚ôæÔ∏è‚ôæÔ∏è

If like c‚Ä¶",2022-11-26 10:44:43+00:00,0,,,,,#BATSHET2023
TheRofem,"RT @SAsekome: Frame 1: Airport Road, Abuja
Frame 2: Kubwa Express, Abuja
Frame 3: Independence Way, Kaduna
Frame 4: Nepa Roundabout, Kaduna‚Ä¶",2022-11-26 10:21:28+00:00,0,,,,Ask anyone,#BATSHET2023
LAdebara,"RT @SAsekome: Frame 1: Airport Road, Abuja
Frame 2: Kubwa Express, Abuja
Frame 3: Independence Way, Kaduna
Frame 4: Nepa Roundabout, Kaduna‚Ä¶",2022-11-26 09:07:23+00:00,0,,,,,#BATSHET2023
soup_of_a_child,"RT @SAsekome: Frame 1: Airport Road, Abuja
Frame 2: Kubwa Express, Abuja
Frame 3: Independence Way, Kaduna
Frame 4: Nepa Roundabout, Kaduna‚Ä¶",2022-11-26 08:33:37+00:00,0,,,,"Lagos, Nigeria",#BATSHET2023
ZerboyBello,"RT @SAsekome: Frame 1: Airport Road, Abuja
Frame 2: Kubwa Express, Abuja
Frame 3: Independence Way, Kaduna
Frame 4: Nepa Roundabout, Kaduna‚Ä¶",2022-11-26 07:45:57+00:00,0,,,,Nigeria,#BATSHET2023
Phar_Jay,"RT @SAsekome: Frame 1: Airport Road, Abuja
Frame 2: Kubwa Express, Abuja
Frame 3: Independence Way, Kaduna
Frame 4: Nepa Roundabout, Kaduna‚Ä¶",2022-11-26 06:36:25+00:00,0,,,,üá≥üá¨,#BATSHET2023
Eddielans007,"RT @SAsekome: Frame 1: Airport Road, Abuja
Frame 2: Kubwa Express, Abuja
Frame 3: Independence Way, Kaduna
Frame 4: Nepa Roundabout, Kaduna‚Ä¶",2022-11-26 06:06:46+00:00,0,,,,"Lagos,Nigeria ",#BATSHET2023
Bat05452445,"RT @SAsekome: Frame 1: Airport Road, Abuja
Frame 2: Kubwa Express, Abuja
Frame 3: Independence Way, Kaduna
Frame 4: Nepa Roundabout, Kaduna‚Ä¶",2022-11-26 04:28:21+00:00,0,,,,,#BATSHET2023
AareAgo,"RT @SAsekome: Frame 1: Airport Road, Abuja
Frame 2: Kubwa Express, Abuja
Frame 3: Independence Way, Kaduna
Frame 4: Nepa Roundabout, Kaduna‚Ä¶",2022-11-26 04:12:19+00:00,0,,,,Somewhere Everywhere,#BATSHET2023
IdrisObadaki,"RT @SAsekome: Frame 1: Airport Road, Abuja
Frame 2: Kubwa Express, Abuja
Frame 3: Independence Way, Kaduna
Frame 4: Nepa Roundabout, Kaduna‚Ä¶",2022-11-26 02:44:05+00:00,0,,,,Global Citizen,#BATSHET2023
bummiearo,"RT @SAsekome: Frame 1: Airport Road, Abuja
Frame 2: Kubwa Express, Abuja
Frame 3: Independence Way, Kaduna
Frame 4: Nepa Roundabout, Kaduna‚Ä¶",2022-11-26 01:47:28+00:00,0,,,,"Abuja, Nigeria",#BATSHET2023
napoleon2002,"RT @SAsekome: Frame 1: Airport Road, Abuja
Frame 2: Kubwa Express, Abuja
Frame 3: Independence Way, Kaduna
Frame 4: Nepa Roundabout, Kaduna‚Ä¶",2022-11-26 01:31:02+00:00,0,,,,Nigeria,#BATSHET2023
GovernorKaslas,"RT @SAsekome: Frame 1: Airport Road, Abuja
Frame 2: Kubwa Express, Abuja
Frame 3: Independence Way, Kaduna
Frame 4: Nepa Roundabout, Kaduna‚Ä¶",2022-11-25 23:20:15+00:00,0,,,,"Ihiala, Nigeria",#BATSHET2023
thisismgara,"RT @SAsekome: Frame 1: Airport Road, Abuja
Frame 2: Kubwa Express, Abuja
Frame 3: Independence Way, Kaduna
Frame 4: Nepa Roundabout, Kaduna‚Ä¶",2022-11-25 23:06:24+00:00,0,,,,‚ôõ Earth ,#BATSHET2023
AdekoyaGabri,"RT @SAsekome: Frame 1: Airport Road, Abuja
Frame 2: Kubwa Express, Abuja
Frame 3: Independence Way, Kaduna
Frame 4: Nepa Roundabout, Kaduna‚Ä¶",2022-11-25 23:05:07+00:00,0,,,,Nigeria,#BATSHET2023
OJOBODO1,"RT @ndukaodo: Who is this man, biko ü§î that understand Nigeria so much

NYSC | Kenneth Okonkwo | Jandor | #PeterObi | Yoruba Muslim | DSTV |‚Ä¶",2022-11-25 22:58:13+00:00,0,,,,"New York, USA",#BATSHET2023
Saint_Soul1,"RT @SAsekome: Frame 1: Airport Road, Abuja
Frame 2: Kubwa Express, Abuja
Frame 3: Independence Way, Kaduna
Frame 4: Nepa Roundabout, Kaduna‚Ä¶",2022-11-25 22:39:15+00:00,0,,,,,#BATSHET2023
Bolajuade,"RT @SAsekome: Frame 1: Airport Road, Abuja
Frame 2: Kubwa Express, Abuja
Frame 3: Independence Way, Kaduna
Frame 4: Nepa Roundabout, Kaduna‚Ä¶",2022-11-25 22:37:44+00:00,0,,,,(L)ONDO(N) state...Nigeria,#BATSHET2023
adamumusakanam1,"RT @SAsekome: Frame 1: Airport Road, Abuja
Frame 2: Kubwa Express, Abuja
Frame 3: Independence Way, Kaduna
Frame 4: Nepa Roundabout, Kaduna‚Ä¶",2022-11-25 22:31:27+00:00,0,,,,"jos,plateau",#BATSHET2023
Iam_adeotiope,"RT @SAsekome: Frame 1: Airport Road, Abuja
Frame 2: Kubwa Express, Abuja
Frame 3: Independence Way, Kaduna
Frame 4: Nepa Roundabout, Kaduna‚Ä¶",2022-11-25 22:29:59+00:00,0,,,,,#BATSHET2023
Xper09,"RT @SAsekome: Frame 1: Airport Road, Abuja
Frame 2: Kubwa Express, Abuja
Frame 3: Independence Way, Kaduna
Frame 4: Nepa Roundabout, Kaduna‚Ä¶",2022-11-25 22:27:49+00:00,0,,,,,#BATSHET2023
BOloruntosin,"RT @SAsekome: Frame 1: Airport Road, Abuja
Frame 2: Kubwa Express, Abuja
Frame 3: Independence Way, Kaduna
Frame 4: Nepa Roundabout, Kaduna‚Ä¶",2022-11-25 22:24:07+00:00,0,,,,London ,#BATSHET2023
DimejiIge,"RT @SAsekome: Frame 1: Airport Road, Abuja
Frame 2: Kubwa Express, Abuja
Frame 3: Independence Way, Kaduna
Frame 4: Nepa Roundabout, Kaduna‚Ä¶",2022-11-25 22:20:47+00:00,0,,,,,#BATSHET2023
Dampics,"RT @SAsekome: Frame 1: Airport Road, Abuja
Frame 2: Kubwa Express, Abuja
Frame 3: Independence Way, Kaduna
Frame 4: Nepa Roundabout, Kaduna‚Ä¶",2022-11-25 22:17:50+00:00,0,,,,"Oyo, Nigeria",#BATSHET2023
ileriOluwajuyi,"RT @SAsekome: Frame 1: Airport Road, Abuja
Frame 2: Kubwa Express, Abuja
Frame 3: Independence Way, Kaduna
Frame 4: Nepa Roundabout, Kaduna‚Ä¶",2022-11-25 22:11:15+00:00,0,,,,,#BATSHET2023
felibanti02,"RT @SAsekome: Frame 1: Airport Road, Abuja
Frame 2: Kubwa Express, Abuja
Frame 3: Independence Way, Kaduna
Frame 4: Nepa Roundabout, Kaduna‚Ä¶",2022-11-25 22:09:51+00:00,0,,,,"Lagos, Nigeria",#BATSHET2023
masonsokun4real,"RT @SAsekome: Frame 1: Airport Road, Abuja
Frame 2: Kubwa Express, Abuja
Frame 3: Independence Way, Kaduna
Frame 4: Nepa Roundabout, Kaduna‚Ä¶",2022-11-25 22:08:52+00:00,0,,,,"Lagos, Nigeria",#BATSHET2023
Agagzee,"RT @SAsekome: Frame 1: Airport Road, Abuja
Frame 2: Kubwa Express, Abuja
Frame 3: Independence Way, Kaduna
Frame 4: Nepa Roundabout, Kaduna‚Ä¶",2022-11-25 21:58:45+00:00,0,,,,,#BATSHET2023
sheunite,"RT @SAsekome: Frame 1: Airport Road, Abuja
Frame 2: Kubwa Express, Abuja
Frame 3: Independence Way, Kaduna
Frame 4: Nepa Roundabout, Kaduna‚Ä¶",2022-11-25 21:42:43+00:00,0,,,,Nigeria.,#BATSHET2023
BalogunwiseOla,"RT @SAsekome: The gospel moved from Abuja to Kaduna üòéüòé
It was a pleasure meeting up with a fellow Kaduna based BATist @babsiwalewa. We had‚Ä¶",2022-11-25 21:25:45+00:00,0,,,,"Abuja, Nigeria",#BATSHET2023
shittu10,"RT @SAsekome: Frame 1: Airport Road, Abuja
Frame 2: Kubwa Express, Abuja
Frame 3: Independence Way, Kaduna
Frame 4: Nepa Roundabout, Kaduna‚Ä¶",2022-11-25 21:10:54+00:00,0,,,,Nigeria,#BATSHET2023
jimadaibrahim,"RT @SAsekome: Frame 1: Airport Road, Abuja
Frame 2: Kubwa Express, Abuja
Frame 3: Independence Way, Kaduna
Frame 4: Nepa Roundabout, Kaduna‚Ä¶",2022-11-25 20:41:42+00:00,0,,,,,#BATSHET2023
JemilaEA,"RT @SAsekome: Today I took the @officialABAT gospel to my friend and brother in his office. Man got BATIFIED before I left üòé‚ôæÔ∏è‚ôæÔ∏è

If like c‚Ä¶",2022-11-25 20:34:47+00:00,0,,,,"Surrey, British Columbia",#BATSHET2023
Yhungpapi,"RT @SAsekome: Frame 1: Airport Road, Abuja
Frame 2: Kubwa Express, Abuja
Frame 3: Independence Way, Kaduna
Frame 4: Nepa Roundabout, Kaduna‚Ä¶",2022-11-25 20:29:57+00:00,0,,,,Nigeria,#BATSHET2023
BalogunwiseOla,"RT @SAsekome: Frame 1: Airport Road, Abuja
Frame 2: Kubwa Express, Abuja
Frame 3: Independence Way, Kaduna
Frame 4: Nepa Roundabout, Kaduna‚Ä¶",2022-11-25 20:21:40+00:00,0,,,,"Abuja, Nigeria",#BATSHET2023
WestsideOba,"RT @SAsekome: Frame 1: Airport Road, Abuja
Frame 2: Kubwa Express, Abuja
Frame 3: Independence Way, Kaduna
Frame 4: Nepa Roundabout, Kaduna‚Ä¶",2022-11-25 20:17:48+00:00,0,,,,,#BATSHET2023
Johnnyyte123,"RT @SAsekome: Frame 1: Airport Road, Abuja
Frame 2: Kubwa Express, Abuja
Frame 3: Independence Way, Kaduna
Frame 4: Nepa Roundabout, Kaduna‚Ä¶",2022-11-25 20:09:23+00:00,0,,,,Nigeria,#BATSHET2023
oaderibigbe68,"RT @SAsekome: Frame 1: Airport Road, Abuja
Frame 2: Kubwa Express, Abuja
Frame 3: Independence Way, Kaduna
Frame 4: Nepa Roundabout, Kaduna‚Ä¶",2022-11-25 20:03:29+00:00,0,,,,"Zaria, Nigeria",#BATSHET2023
oladiran_t,"RT @SAsekome: Frame 1: Airport Road, Abuja
Frame 2: Kubwa Express, Abuja
Frame 3: Independence Way, Kaduna
Frame 4: Nepa Roundabout, Kaduna‚Ä¶",2022-11-25 19:59:00+00:00,0,,,,"Lagos, Nigeria",#BATSHET2023
realqueserasera,"RT @SAsekome: Frame 1: Airport Road, Abuja
Frame 2: Kubwa Express, Abuja
Frame 3: Independence Way, Kaduna
Frame 4: Nepa Roundabout, Kaduna‚Ä¶",2022-11-25 19:58:05+00:00,0,,,,,#BATSHET2023
taofeeqy1,"RT @SAsekome: Frame 1: Airport Road, Abuja
Frame 2: Kubwa Express, Abuja
Frame 3: Independence Way, Kaduna
Frame 4: Nepa Roundabout, Kaduna‚Ä¶",2022-11-25 19:51:03+00:00,0,,,,Abuja Nigeria ,#BATSHET2023
Emmanue63969362,"RT @SAsekome: Frame 1: Airport Road, Abuja
Frame 2: Kubwa Express, Abuja
Frame 3: Independence Way, Kaduna
Frame 4: Nepa Roundabout, Kaduna‚Ä¶",2022-11-25 19:50:46+00:00,0,,,,Lagos,#BATSHET2023
YinkaWorldwide,"RT @SAsekome: Frame 1: Airport Road, Abuja
Frame 2: Kubwa Express, Abuja
Frame 3: Independence Way, Kaduna
Frame 4: Nepa Roundabout, Kaduna‚Ä¶",2022-11-25 19:41:55+00:00,0,,,,"London, England",#BATSHET2023
HisGraceStoberA,"RT @SAsekome: Frame 1: Airport Road, Abuja
Frame 2: Kubwa Express, Abuja
Frame 3: Independence Way, Kaduna
Frame 4: Nepa Roundabout, Kaduna‚Ä¶",2022-11-25 19:41:42+00:00,0,,,,United Kingdom,#BATSHET2023
danlakemi,"RT @SAsekome: Frame 1: Airport Road, Abuja
Frame 2: Kubwa Express, Abuja
Frame 3: Independence Way, Kaduna
Frame 4: Nepa Roundabout, Kaduna‚Ä¶",2022-11-25 19:37:52+00:00,0,,,,"The Polytechnic, Ibadan",#BATSHET2023
Ogbeni__Skrtel,"RT @SAsekome: Frame 1: Airport Road, Abuja
Frame 2: Kubwa Express, Abuja
Frame 3: Independence Way, Kaduna
Frame 4: Nepa Roundabout, Kaduna‚Ä¶",2022-11-25 19:30:42+00:00,0,,,,"Abuja, Nigeria",#BATSHET2023
habazzsneh,"RT @SAsekome: Frame 1: Airport Road, Abuja
Frame 2: Kubwa Express, Abuja
Frame 3: Independence Way, Kaduna
Frame 4: Nepa Roundabout, Kaduna‚Ä¶",2022-11-25 19:26:40+00:00,0,,,,,#BATSHET2023
DubemEkunie,"RT @SAsekome: Frame 1: Airport Road, Abuja
Frame 2: Kubwa Express, Abuja
Frame 3: Independence Way, Kaduna
Frame 4: Nepa Roundabout, Kaduna‚Ä¶",2022-11-25 19:23:13+00:00,0,,,,"London, England",#BATSHET2023
AbdulK09306243,"RT @SAsekome: Frame 1: Airport Road, Abuja
Frame 2: Kubwa Express, Abuja
Frame 3: Independence Way, Kaduna
Frame 4: Nepa Roundabout, Kaduna‚Ä¶",2022-11-25 19:19:13+00:00,0,,,,,#BATSHET2023
Fianc34769173,"RT @SAsekome: Frame 1: Airport Road, Abuja
Frame 2: Kubwa Express, Abuja
Frame 3: Independence Way, Kaduna
Frame 4: Nepa Roundabout, Kaduna‚Ä¶",2022-11-25 19:18:44+00:00,0,,,,,#BATSHET2023
Effizynews,"RT @SAsekome: Frame 1: Airport Road, Abuja
Frame 2: Kubwa Express, Abuja
Frame 3: Independence Way, Kaduna
Frame 4: Nepa Roundabout, Kaduna‚Ä¶",2022-11-25 19:17:47+00:00,0,,,,Nigeria,#BATSHET2023
dr_elahmadi,"RT @SAsekome: Frame 1: Airport Road, Abuja
Frame 2: Kubwa Express, Abuja
Frame 3: Independence Way, Kaduna
Frame 4: Nepa Roundabout, Kaduna‚Ä¶",2022-11-25 19:17:36+00:00,0,,,,"Kaduna, Nigeria",#BATSHET2023
babsiwalewa,"RT @SAsekome: The gospel moved from Abuja to Kaduna üòéüòé
It was a pleasure meeting up with a fellow Kaduna based BATist @babsiwalewa. We had‚Ä¶",2022-11-25 19:14:13+00:00,0,,,,,#BATSHET2023
cypha1011,"RT @SAsekome: Frame 1: Airport Road, Abuja
Frame 2: Kubwa Express, Abuja
Frame 3: Independence Way, Kaduna
Frame 4: Nepa Roundabout, Kaduna‚Ä¶",2022-11-25 19:11:50+00:00,0,,,,"Lagos, Nigeria",#BATSHET2023
Jappoyoflondon,"RT @SAsekome: Frame 1: Airport Road, Abuja
Frame 2: Kubwa Express, Abuja
Frame 3: Independence Way, Kaduna
Frame 4: Nepa Roundabout, Kaduna‚Ä¶",2022-11-25 19:10:54+00:00,0,,,,,#BATSHET2023
bashirladann,"RT @SAsekome: Frame 1: Airport Road, Abuja
Frame 2: Kubwa Express, Abuja
Frame 3: Independence Way, Kaduna
Frame 4: Nepa Roundabout, Kaduna‚Ä¶",2022-11-25 19:07:39+00:00,0,,,,"Kaduna, Nigeria",#BATSHET2023
Sobalojuayonit4,"RT @SAsekome: Frame 1: Airport Road, Abuja
Frame 2: Kubwa Express, Abuja
Frame 3: Independence Way, Kaduna
Frame 4: Nepa Roundabout, Kaduna‚Ä¶",2022-11-25 19:03:47+00:00,0,,,,"Lagos, Nigeria",#BATSHET2023
KenWiwa4,"RT @SAsekome: Frame 1: Airport Road, Abuja
Frame 2: Kubwa Express, Abuja
Frame 3: Independence Way, Kaduna
Frame 4: Nepa Roundabout, Kaduna‚Ä¶",2022-11-25 18:59:23+00:00,0,,,,Globe,#BATSHET2023
ibanga_iniubong,"RT @SAsekome: Frame 1: Airport Road, Abuja
Frame 2: Kubwa Express, Abuja
Frame 3: Independence Way, Kaduna
Frame 4: Nepa Roundabout, Kaduna‚Ä¶",2022-11-25 18:53:50+00:00,0,,,,,#BATSHET2023
MojeedUsman,"RT @SAsekome: Frame 1: Airport Road, Abuja
Frame 2: Kubwa Express, Abuja
Frame 3: Independence Way, Kaduna
Frame 4: Nepa Roundabout, Kaduna‚Ä¶",2022-11-25 18:39:24+00:00,0,,,,,#BATSHET2023
Eebrokaka01,"RT @SAsekome: Frame 1: Airport Road, Abuja
Frame 2: Kubwa Express, Abuja
Frame 3: Independence Way, Kaduna
Frame 4: Nepa Roundabout, Kaduna‚Ä¶",2022-11-25 18:26:18+00:00,0,,,,"Lagos, Nigeria.",#BATSHET2023
isaacguma8,"RT @SAsekome: Frame 1: Airport Road, Abuja
Frame 2: Kubwa Express, Abuja
Frame 3: Independence Way, Kaduna
Frame 4: Nepa Roundabout, Kaduna‚Ä¶",2022-11-25 18:24:36+00:00,0,,,,"Lagos, Nigeria",#BATSHET2023
Kulboishny,"RT @SAsekome: Frame 1: Airport Road, Abuja
Frame 2: Kubwa Express, Abuja
Frame 3: Independence Way, Kaduna
Frame 4: Nepa Roundabout, Kaduna‚Ä¶",2022-11-25 18:22:52+00:00,0,,,,LA.NG,#BATSHET2023
tunmishe_,"RT @SAsekome: Frame 1: Airport Road, Abuja
Frame 2: Kubwa Express, Abuja
Frame 3: Independence Way, Kaduna
Frame 4: Nepa Roundabout, Kaduna‚Ä¶",2022-11-25 18:22:34+00:00,0,,,,"(Iwo) Abuja, Nigeria",#BATSHET2023
36Kinniun,"RT @SAsekome: Frame 1: Airport Road, Abuja
Frame 2: Kubwa Express, Abuja
Frame 3: Independence Way, Kaduna
Frame 4: Nepa Roundabout, Kaduna‚Ä¶",2022-11-25 18:14:37+00:00,0,,,,"Iwakuni-shi, Yamaguchi",#BATSHET2023
adejumokelisk,"RT @SAsekome: Frame 1: Airport Road, Abuja
Frame 2: Kubwa Express, Abuja
Frame 3: Independence Way, Kaduna
Frame 4: Nepa Roundabout, Kaduna‚Ä¶",2022-11-25 18:12:35+00:00,0,,,,Lagos,#BATSHET2023
ML_Akanni,"RT @SAsekome: The gospel moved from Abuja to Kaduna üòéüòé
It was a pleasure meeting up with a fellow Kaduna based BATist @babsiwalewa. We had‚Ä¶",2022-11-25 18:12:22+00:00,0,,,,"√ås√†l√® √àko, Id√∫m√≥t√†, Ok√®-√Årin",#BATSHET2023
Abdulazeezmuda1,"RT @SAsekome: Frame 1: Airport Road, Abuja
Frame 2: Kubwa Express, Abuja
Frame 3: Independence Way, Kaduna
Frame 4: Nepa Roundabout, Kaduna‚Ä¶",2022-11-25 18:12:14+00:00,0,,,,"Lagos, Nigeria",#BATSHET2023
ayoabdulrahman,"RT @SAsekome: Frame 1: Airport Road, Abuja
Frame 2: Kubwa Express, Abuja
Frame 3: Independence Way, Kaduna
Frame 4: Nepa Roundabout, Kaduna‚Ä¶",2022-11-25 18:07:24+00:00,0,,,,"Kaduna, Nigeria",#BATSHET2023
AyoOyalowo,"RT @SAsekome: The gospel moved from Abuja to Kaduna üòéüòé
It was a pleasure meeting up with a fellow Kaduna based BATist @babsiwalewa. We had‚Ä¶",2022-11-25 18:03:40+00:00,0,,,,"Abuja, Lagos & the world over",#BATSHET2023
Abdulla16481805,"RT @SAsekome: Frame 1: Airport Road, Abuja
Frame 2: Kubwa Express, Abuja
Frame 3: Independence Way, Kaduna
Frame 4: Nepa Roundabout, Kaduna‚Ä¶",2022-11-25 17:51:02+00:00,0,,,,,#BATSHET2023
esqajonny,"RT @SAsekome: The gospel moved from Abuja to Kaduna üòéüòé
It was a pleasure meeting up with a fellow Kaduna based BATist @babsiwalewa. We had‚Ä¶",2022-11-25 17:50:45+00:00,0,,,,"OGBOMOSO,NIGERIA",#BATSHET2023
nvwole,"RT @SAsekome: Frame 1: Airport Road, Abuja
Frame 2: Kubwa Express, Abuja
Frame 3: Independence Way, Kaduna
Frame 4: Nepa Roundabout, Kaduna‚Ä¶",2022-11-25 17:49:16+00:00,0,,,,"Lagos, Nigeria",#BATSHET2023
GarbaRidwan5,"RT @SAsekome: Frame 1: Airport Road, Abuja
Frame 2: Kubwa Express, Abuja
Frame 3: Independence Way, Kaduna
Frame 4: Nepa Roundabout, Kaduna‚Ä¶",2022-11-25 17:44:45+00:00,0,,,,"Kaduna, Nigeria,APC ",#BATSHET2023
jolawale5,"RT @SAsekome: Frame 1: Airport Road, Abuja
Frame 2: Kubwa Express, Abuja
Frame 3: Independence Way, Kaduna
Frame 4: Nepa Roundabout, Kaduna‚Ä¶",2022-11-25 17:34:59+00:00,0,,,,"lagos,Nigeria",#BATSHET2023
abdoulrahman_i,"RT @SAsekome: Frame 1: Airport Road, Abuja
Frame 2: Kubwa Express, Abuja
Frame 3: Independence Way, Kaduna
Frame 4: Nepa Roundabout, Kaduna‚Ä¶",2022-11-25 17:32:49+00:00,0,,,,Recovery,#BATSHET2023
skarzdesigns,"RT @SAsekome: Frame 1: Airport Road, Abuja
Frame 2: Kubwa Express, Abuja
Frame 3: Independence Way, Kaduna
Frame 4: Nepa Roundabout, Kaduna‚Ä¶",2022-11-25 17:27:57+00:00,0,,,,Warri,#BATSHET2023
Moh48425090,"RT @SAsekome: Frame 1: Airport Road, Abuja
Frame 2: Kubwa Express, Abuja
Frame 3: Independence Way, Kaduna
Frame 4: Nepa Roundabout, Kaduna‚Ä¶",2022-11-25 17:27:53+00:00,0,,,,abuja,#BATSHET2023
RaffaelAnyanwu,"RT @SAsekome: Today I took the @officialABAT gospel to my friend and brother in his office. Man got BATIFIED before I left üòé‚ôæÔ∏è‚ôæÔ∏è

If like c‚Ä¶",2022-11-25 17:27:27+00:00,0,,,,Irepo estate,#BATSHET2023
Oluomo198311199,"RT @SAsekome: Frame 1: Airport Road, Abuja
Frame 2: Kubwa Express, Abuja
Frame 3: Independence Way, Kaduna
Frame 4: Nepa Roundabout, Kaduna‚Ä¶",2022-11-25 17:21:07+00:00,0,,,,,#BATSHET2023
Kash01b,"RT @SAsekome: The gospel moved from Abuja to Kaduna üòéüòé
It was a pleasure meeting up with a fellow Kaduna based BATist @babsiwalewa. We had‚Ä¶",2022-11-25 17:15:12+00:00,0,,,,"Lagos, Nigeria",#BATSHET2023
Yetundemee,"RT @SAsekome: Frame 1: Airport Road, Abuja
Frame 2: Kubwa Express, Abuja
Frame 3: Independence Way, Kaduna
Frame 4: Nepa Roundabout, Kaduna‚Ä¶",2022-11-25 17:10:06+00:00,0,,,,,#BATSHET2023
RotimiGA1,"RT @SAsekome: Frame 1: Airport Road, Abuja
Frame 2: Kubwa Express, Abuja
Frame 3: Independence Way, Kaduna
Frame 4: Nepa Roundabout, Kaduna‚Ä¶",2022-11-25 17:07:11+00:00,0,,,,,#BATSHET2023
EjioyeMartins,"RT @SAsekome: Frame 1: Airport Road, Abuja
Frame 2: Kubwa Express, Abuja
Frame 3: Independence Way, Kaduna
Frame 4: Nepa Roundabout, Kaduna‚Ä¶",2022-11-25 17:05:13+00:00,0,,,,Nigeria,#BATSHET2023
ApanpaOlasumbo,"RT @SAsekome: The gospel moved from Abuja to Kaduna üòéüòé
It was a pleasure meeting up with a fellow Kaduna based BATist @babsiwalewa. We had‚Ä¶",2022-11-25 17:04:15+00:00,0,,,,Lagos,#BATSHET2023
TLapade,"RT @SAsekome: Frame 1: Airport Road, Abuja
Frame 2: Kubwa Express, Abuja
Frame 3: Independence Way, Kaduna
Frame 4: Nepa Roundabout, Kaduna‚Ä¶",2022-11-25 17:04:12+00:00,0,,,,"Lagos, Nigeria",#BATSHET2023
VictorDonJer,"RT @SAsekome: Frame 1: Airport Road, Abuja
Frame 2: Kubwa Express, Abuja
Frame 3: Independence Way, Kaduna
Frame 4: Nepa Roundabout, Kaduna‚Ä¶",2022-11-25 17:02:14+00:00,0,,,,"Lagos, Nigeria",#BATSHET2023
danlakemi,"RT @SAsekome: The gospel moved from Abuja to Kaduna üòéüòé
It was a pleasure meeting up with a fellow Kaduna based BATist @babsiwalewa. We had‚Ä¶",2022-11-25 17:01:26+00:00,0,,,,"The Polytechnic, Ibadan",#BATSHET2023
ibroxnasirudeen,"üí•BREAKING 

Tompolo For Asiwaju Bola Tinubu üëèüëè #Tinubu #Batshet2023",2022-11-25 16:59:59+00:00,1,,,,"Federal Capital Territory, Nig",#BATSHET2023
HarunaBraimoh1,"RT @SAsekome: The gospel moved from Abuja to Kaduna üòéüòé
It was a pleasure meeting up with a fellow Kaduna based BATist @babsiwalewa. We had‚Ä¶",2022-11-25 16:59:35+00:00,0,,,,,#BATSHET2023
Tjslyy,"RT @SAsekome: The gospel moved from Abuja to Kaduna üòéüòé
It was a pleasure meeting up with a fellow Kaduna based BATist @babsiwalewa. We had‚Ä¶",2022-11-25 16:59:03+00:00,0,,,,Nigeria,#BATSHET2023
GarbaRidwan5,"RT @SAsekome: The gospel moved from Abuja to Kaduna üòéüòé
It was a pleasure meeting up with a fellow Kaduna based BATist @babsiwalewa. We had‚Ä¶",2022-11-25 16:51:10+00:00,0,,,,"Kaduna, Nigeria,APC ",#BATSHET2023
MrAfobaje,"RT @SAsekome: The gospel moved from Abuja to Kaduna üòéüòé
It was a pleasure meeting up with a fellow Kaduna based BATist @babsiwalewa. We had‚Ä¶",2022-11-25 16:47:17+00:00,0,,,,Osogbo ,#BATSHET2023
tourxy,"RT @SAsekome: Frame 1: Airport Road, Abuja
Frame 2: Kubwa Express, Abuja
Frame 3: Independence Way, Kaduna
Frame 4: Nepa Roundabout, Kaduna‚Ä¶",2022-11-25 16:45:31+00:00,0,,,,Nigeria,#BATSHET2023
Maritemise_AD,"RT @SAsekome: Frame 1: Airport Road, Abuja
Frame 2: Kubwa Express, Abuja
Frame 3: Independence Way, Kaduna
Frame 4: Nepa Roundabout, Kaduna‚Ä¶",2022-11-25 16:41:58+00:00,0,,,,Somewhere around u,#BATSHET2023
SAsekome,"The gospel moved from Abuja to Kaduna üòéüòé
It was a pleasure meeting up with a fellow Kaduna based BATist @babsiwalewa. We had a fruitful discuss on how to continue to mobilize for our principal @officialABAT &amp; ofcourse he got the famous gift ‚ôæÔ∏è‚ôæÔ∏èüòé
#BAT2023 #BATSHET2023 https://t.co/Lm6Gu6W0kX",2022-11-25 16:38:59+00:00,30,,,"Place(_api=<tweepy.api.API object at 0x10e48fbe0>, id='006c6743642cb09c', url='https://api.twitter.com/1.1/geo/id/006c6743642cb09c.json', place_type='city', name='Kaduna', full_name='Kaduna, Nigeria', country_code='NG', country='Nigeria', contained_within=[], bounding_box=BoundingBox(_api=<tweepy.api.API object at 0x10e48fbe0>, type='Polygon', coordinates=[[[7.3566227, 10.4252617], [7.4880222, 10.4252617], [7.4880222, 10.5972283], [7.3566227, 10.5972283]]]), attributes={})",Federal Capital Territory,#BATSHET2023
omomummynoni,"RT @SAsekome: Frame 1: Airport Road, Abuja
Frame 2: Kubwa Express, Abuja
Frame 3: Independence Way, Kaduna
Frame 4: Nepa Roundabout, Kaduna‚Ä¶",2022-11-25 16:22:23+00:00,0,,,,"Lagos, Nigeria",#BATSHET2023
mertromat,"RT @SAsekome: Frame 1: Airport Road, Abuja
Frame 2: Kubwa Express, Abuja
Frame 3: Independence Way, Kaduna
Frame 4: Nepa Roundabout, Kaduna‚Ä¶",2022-11-25 16:22:07+00:00,0,,,,,#BATSHET2023
OyekunleOlabode,"RT @SAsekome: Frame 1: Airport Road, Abuja
Frame 2: Kubwa Express, Abuja
Frame 3: Independence Way, Kaduna
Frame 4: Nepa Roundabout, Kaduna‚Ä¶",2022-11-25 16:18:06+00:00,0,,,,"Lagos, Nigeria",#BATSHET2023
AishaJana,"RT @SAsekome: Frame 1: Airport Road, Abuja
Frame 2: Kubwa Express, Abuja
Frame 3: Independence Way, Kaduna
Frame 4: Nepa Roundabout, Kaduna‚Ä¶",2022-11-25 16:13:31+00:00,0,,,,,#BATSHET2023
AyoOyalowo,"RT @SAsekome: Frame 1: Airport Road, Abuja
Frame 2: Kubwa Express, Abuja
Frame 3: Independence Way, Kaduna
Frame 4: Nepa Roundabout, Kaduna‚Ä¶",2022-11-25 16:09:43+00:00,0,,,,"Abuja, Lagos & the world over",#BATSHET2023
SAsekome,"Frame 1: Airport Road, Abuja
Frame 2: Kubwa Express, Abuja
Frame 3: Independence Way, Kaduna
Frame 4: Nepa Roundabout, Kaduna

AM in Abuja, PM in Kadunaüòé, preaching the @officialABAT gospel with all pleasure üòÉ‚ôæÔ∏è‚ôæÔ∏è

#BAT2023 #BATSHET2023 #BATKSM2023 https://t.co/lkRrnxF0tv",2022-11-25 15:53:54+00:00,277,,,"Place(_api=<tweepy.api.API object at 0x10e48fbe0>, id='006c6743642cb09c', url='https://api.twitter.com/1.1/geo/id/006c6743642cb09c.json', place_type='city', name='Kaduna', full_name='Kaduna, Nigeria', country_code='NG', country='Nigeria', contained_within=[], bounding_box=BoundingBox(_api=<tweepy.api.API object at 0x10e48fbe0>, type='Polygon', coordinates=[[[7.3566227, 10.4252617], [7.4880222, 10.4252617], [7.4880222, 10.5972283], [7.3566227, 10.5972283]]]), attributes={})",Federal Capital Territory,#BATSHET2023
DIgbasan,RT @SAsekome: of our dreams driven by a man with the capacity to use our resources to transform Nigeria even better than he did with Lagos‚Ä¶,2022-11-25 15:48:06+00:00,0,,,,"Lagos, Nigeria",#BATSHET2023
waltopd,"@shehu_mahdi I hope so and pray so. If G5 support APC then It's game over for your candidate. 27 Governors and a President with a candidate that is master in political strategy. It will be miracle to win APC. But we will not relent , we will continue to campaign till we win. Vote #BATSHET2023",2022-11-25 15:42:56+00:00,0,,,,Nigeria,#BATSHET2023
johnero_,"Don‚Äôt be a treiytall 
Awa lo kan 
#BAT 
#BATSHET2023",2022-11-25 15:24:54+00:00,0,,,,All Around The World ,#BATSHET2023
ibroxnasirudeen,"ATIKU IS ALWAYS ON THE RUN üèÉ‚Äç‚ôÇÔ∏è, AüòÇ. 

Obi: Always mentions wrong arithmetic‚Äôs that even Indians can not solve. üòÇ

ASIWAJU.. #Batshet2023",2022-11-25 15:24:37+00:00,1,,,,"Federal Capital Territory, Nig",#BATSHET2023
matthiannaji,"RT @hadjimart1: Resumed work today in one of my best kaftans capped with BAT‚Äôs logo Cap from my brother @Wanzaaam 
If u like say u no go bu‚Ä¶",2022-11-25 14:18:14+00:00,0,,,,"Federal Capital Territory, Nig",#BATSHET2023
BalogunwiseOla,"RT @SAsekome: Today I took the @officialABAT gospel to my friend and brother in his office. Man got BATIFIED before I left üòé‚ôæÔ∏è‚ôæÔ∏è

If like c‚Ä¶",2022-11-25 14:06:18+00:00,0,,,,"Abuja, Nigeria",#BATSHET2023
ML_Akanni,RT @SAsekome: of our dreams driven by a man with the capacity to use our resources to transform Nigeria even better than he did with Lagos‚Ä¶,2022-11-25 13:49:31+00:00,0,,,,"√ås√†l√® √àko, Id√∫m√≥t√†, Ok√®-√Årin",#BATSHET2023
GarbaRidwan5,"RT @SAsekome: Today I took the @officialABAT gospel to my friend and brother in his office. Man got BATIFIED before I left üòé‚ôæÔ∏è‚ôæÔ∏è

If like c‚Ä¶",2022-11-25 13:02:19+00:00,0,,,,"Kaduna, Nigeria,APC ",#BATSHET2023
lollylarry1,"RT @SAsekome: Today I took the @officialABAT gospel to my friend and brother in his office. Man got BATIFIED before I left üòé‚ôæÔ∏è‚ôæÔ∏è

If like c‚Ä¶",2022-11-25 12:59:40+00:00,0,,,,"Lagos, Nigeria",#BATSHET2023
HarunaBraimoh1,"RT @SAsekome: Today I took the @officialABAT gospel to my friend and brother in his office. Man got BATIFIED before I left üòé‚ôæÔ∏è‚ôæÔ∏è

If like c‚Ä¶",2022-11-25 12:23:12+00:00,0,,,,,#BATSHET2023
SAsekome,"Today I took the @officialABAT gospel to my friend and brother in his office. Man got BATIFIED before I left üòé‚ôæÔ∏è‚ôæÔ∏è

If like continue barking, just give me 2mins with your father, brother, sister, mother, wife or girlfriend, I go BATIFY dem before you blinküòÅ

#BATSHET2023 https://t.co/qNwnSrT05O",2022-11-25 10:28:09+00:00,37,,,"Place(_api=<tweepy.api.API object at 0x10e48fbe0>, id='00e55e2b4c491c5f', url='https://api.twitter.com/1.1/geo/id/00e55e2b4c491c5f.json', place_type='city', name='Abuja', full_name='Abuja, Nigeria', country_code='NG', country='Nigeria', contained_within=[], bounding_box=BoundingBox(_api=<tweepy.api.API object at 0x10e48fbe0>, type='Polygon', coordinates=[[[7.3045544, 8.961887], [7.5436339, 8.961887], [7.5436339, 9.1854407], [7.3045544, 9.1854407]]]), attributes={})",Federal Capital Territory,#BATSHET2023
olarmey,"RT @Samleey4all: @DavidsOffor I am a Christian, a member of Living faith church worldwide (winners).My vote is for #BATSHET2023",2022-11-25 09:57:30+00:00,0,,,,,#BATSHET2023
orngugi,RT @OluOgundele: Third generation Catholic. My vote is proudly for Tinubu. #BATSHET2023 #RenewedHope2023,2022-11-25 08:19:16+00:00,0,,,,"Abuja, Nigeria",#BATSHET2023
DavidsOffor,RT @OluOgundele: Third generation Catholic. My vote is proudly for Tinubu. #BATSHET2023 #RenewedHope2023,2022-11-25 08:07:02+00:00,0,,,,Nigeria,#BATSHET2023
OluOgundele,Third generation Catholic. My vote is proudly for Tinubu. #BATSHET2023 #RenewedHope2023 https://t.co/djkECErW6f,2022-11-25 07:46:41+00:00,7,,,,"Lagos,Nigeria.",#BATSHET2023
AkinWAdedotun,RT @SAsekome: of our dreams driven by a man with the capacity to use our resources to transform Nigeria even better than he did with Lagos‚Ä¶,2022-11-25 05:51:32+00:00,0,,,,ABEOKUTA NIGERIA,#BATSHET2023
Pauloofficials,"RT @ndukaodo: Who is this man, biko ü§î that understand Nigeria so much

NYSC | Kenneth Okonkwo | Jandor | #PeterObi | Yoruba Muslim | DSTV |‚Ä¶",2022-11-24 22:05:44+00:00,0,,,,AFRICAN KINGü¶Å,#BATSHET2023
adoskol_w,"RT @Samleey4all: @DavidsOffor I am a Christian, a member of Living faith church worldwide (winners).My vote is for #BATSHET2023",2022-11-24 21:53:29+00:00,0,,,,,#BATSHET2023
SalamaNaziru,@DavidsOffor I like what I'm seeing here God bless you all #BATSHET2023,2022-11-24 21:07:24+00:00,0,,,,"Gombe, Nigeria",#BATSHET2023
DavidsOffor,"RT @Samleey4all: @DavidsOffor I am a Christian, a member of Living faith church worldwide (winners).My vote is for #BATSHET2023",2022-11-24 21:05:03+00:00,0,,,,Nigeria,#BATSHET2023
Samleey4all,"@DavidsOffor I am a Christian, a member of Living faith church worldwide (winners).My vote is for #BATSHET2023",2022-11-24 21:04:16+00:00,7,,,,Lagos,#BATSHET2023
duwdu,RT @SAsekome: of our dreams driven by a man with the capacity to use our resources to transform Nigeria even better than he did with Lagos‚Ä¶,2022-11-24 20:22:00+00:00,0,,,,,#BATSHET2023
koladeoyebola,#BATSHET2023.#NigeriaDecides2023 #nigeria https://t.co/71c6jYRzR2,2022-11-24 18:20:59+00:00,1,,,,"Lagos, Nigeria",#BATSHET2023
RaffaelAnyanwu,RT @SAsekome: of our dreams driven by a man with the capacity to use our resources to transform Nigeria even better than he did with Lagos‚Ä¶,2022-11-24 16:59:35+00:00,0,,,,Irepo estate,#BATSHET2023
AOsawonyi,"Epe Local government of Lagos State shut down for your incoming President, my incoming President, our incoming President. Asiawaju Bola Ahmed Tinubu

Tinubu is sure coming!!!

#Batshet2023 
#RenewedHope2023 https://t.co/ci1BphmUSO",2022-11-24 14:40:17+00:00,0,,,"Place(_api=<tweepy.api.API object at 0x10e48fbe0>, id='005dbe7e6949db42', url='https://api.twitter.com/1.1/geo/id/005dbe7e6949db42.json', place_type='city', name='Benin-City', full_name='Benin-City, Nigeria', country_code='NG', country='Nigeria', contained_within=[], bounding_box=BoundingBox(_api=<tweepy.api.API object at 0x10e48fbe0>, type='Polygon', coordinates=[[[5.5532952, 6.2445092], [5.7292806, 6.2445092], [5.7292806, 6.4254003], [5.5532952, 6.4254003]]]), attributes={})",,#BATSHET2023
ObaofBadagry,RT @SAsekome: of our dreams driven by a man with the capacity to use our resources to transform Nigeria even better than he did with Lagos‚Ä¶,2022-11-24 13:58:02+00:00,0,,,,Lagos ,#BATSHET2023
lollylarry1,RT @SAsekome: of our dreams driven by a man with the capacity to use our resources to transform Nigeria even better than he did with Lagos‚Ä¶,2022-11-24 13:48:40+00:00,0,,,,"Lagos, Nigeria",#BATSHET2023
TheBATgangan,RT @SAsekome: of our dreams driven by a man with the capacity to use our resources to transform Nigeria even better than he did with Lagos‚Ä¶,2022-11-24 12:54:30+00:00,0,,,,,#BATSHET2023
ibroxnasirudeen,Maazi Ekenedilichukwu.. #Batshet2023 @officialABAT üôåüèΩüôåüèΩüôåüèΩ https://t.co/v21LztecXs,2022-11-24 12:42:33+00:00,2,,,,"Federal Capital Territory, Nig",#BATSHET2023
SAsekome,"of our dreams driven by a man with the capacity to use our resources to transform Nigeria even better than he did with Lagos State. Nigeria üá≥üá¨ must be great again!!!

#BATSHET2023 is a done deal InshaaAllah!",2022-11-24 11:01:07+00:00,48,,,"Place(_api=<tweepy.api.API object at 0x10e48fbe0>, id='00e55e2b4c491c5f', url='https://api.twitter.com/1.1/geo/id/00e55e2b4c491c5f.json', place_type='city', name='Abuja', full_name='Abuja, Nigeria', country_code='NG', country='Nigeria', contained_within=[], bounding_box=BoundingBox(_api=<tweepy.api.API object at 0x10e48fbe0>, type='Polygon', coordinates=[[[7.3045544, 8.961887], [7.5436339, 8.961887], [7.5436339, 9.1854407], [7.3045544, 9.1854407]]]), attributes={})",Federal Capital Territory,#BATSHET2023
Ola4Abdulkareem,"RT @SWAM4Tinubu2023: The Arewa Mega Rally and great walk for TINUBU &amp; SHETTIMA #BATSHET2023 will talk place  on Tuesday 29th November, 2022‚Ä¶",2022-11-24 06:12:52+00:00,0,,,,"Highcost Kaduna, Nigeria",#BATSHET2023
Iyandaibadan1,@ruffydfire #BATSHET2023üíØüôè,2022-11-24 05:50:55+00:00,0,,,,,#BATSHET2023
JamiuAlapo,"RT @SWAM4Tinubu2023: The Arewa Mega Rally and great walk for TINUBU &amp; SHETTIMA #BATSHET2023 will talk place  on Tuesday 29th November, 2022‚Ä¶",2022-11-24 00:34:44+00:00,0,,,,,#BATSHET2023
abayomi_14,"Only if pitaobi knows that Ashiwaju Bola Ahmed is a Cruz on his own...his follower will not mock him, or packaged nonsense suit before court..
My vote ‚òëÔ∏è is for #BATSHET2023 
in-sha-Allah https://t.co/lxu33MUgwk",2022-11-23 21:24:41+00:00,1,,,,nigeria,#BATSHET2023
apanpa_olasumbo,"RT @SWAM4Tinubu2023: The Arewa Mega Rally and great walk for TINUBU &amp; SHETTIMA #BATSHET2023 will talk place  on Tuesday 29th November, 2022‚Ä¶",2022-11-23 14:25:21+00:00,0,,,,,#BATSHET2023
fearNonFynest,"RT @SWAM4Tinubu2023: The Arewa Mega Rally and great walk for TINUBU &amp; SHETTIMA #BATSHET2023 will talk place  on Tuesday 29th November, 2022‚Ä¶",2022-11-23 13:19:05+00:00,0,,,,Heart of the city,#BATSHET2023
Abiadeadebayo20,"RT @SWAM4Tinubu2023: The Arewa Mega Rally and great walk for TINUBU &amp; SHETTIMA #BATSHET2023 will talk place  on Tuesday 29th November, 2022‚Ä¶",2022-11-23 12:51:04+00:00,0,,,,"Lagos, Nigeria",#BATSHET2023
TT941249881,"RT @SWAM4Tinubu2023: The Arewa Mega Rally and great walk for TINUBU &amp; SHETTIMA #BATSHET2023 will talk place  on Tuesday 29th November, 2022‚Ä¶",2022-11-23 12:50:56+00:00,0,,,,"Lagos, Nigeria",#BATSHET2023
oil_shaeikh,"RT @SWAM4Tinubu2023: The Arewa Mega Rally and great walk for TINUBU &amp; SHETTIMA #BATSHET2023 will talk place  on Tuesday 29th November, 2022‚Ä¶",2022-11-23 11:32:27+00:00,0,,,,"Lagos, Nigeria",#BATSHET2023
SeunSeunSunday1,"RT @SWAM4Tinubu2023: The Arewa Mega Rally and great walk for TINUBU &amp; SHETTIMA #BATSHET2023 will talk place  on Tuesday 29th November, 2022‚Ä¶",2022-11-23 11:10:34+00:00,0,,,,,#BATSHET2023
9jaObserver,"RT @SWAM4Tinubu2023: The Arewa Mega Rally and great walk for TINUBU &amp; SHETTIMA #BATSHET2023 will talk place  on Tuesday 29th November, 2022‚Ä¶",2022-11-23 10:57:55+00:00,0,,,,Lagos,#BATSHET2023
Kennysmart348,"RT @SWAM4Tinubu2023: The Arewa Mega Rally and great walk for TINUBU &amp; SHETTIMA #BATSHET2023 will talk place  on Tuesday 29th November, 2022‚Ä¶",2022-11-23 10:51:39+00:00,0,,,,Nigeria,#BATSHET2023
AkinWOLEX,"RT @SWAM4Tinubu2023: The Arewa Mega Rally and great walk for TINUBU &amp; SHETTIMA #BATSHET2023 will talk place  on Tuesday 29th November, 2022‚Ä¶",2022-11-23 10:50:09+00:00,0,,,,Lagos,#BATSHET2023
holuwafemi_002,"RT @SWAM4Tinubu2023: The Arewa Mega Rally and great walk for TINUBU &amp; SHETTIMA #BATSHET2023 will talk place  on Tuesday 29th November, 2022‚Ä¶",2022-11-23 10:49:03+00:00,0,,,,lagos,#BATSHET2023
Qdpaper2,"RT @SWAM4Tinubu2023: The Arewa Mega Rally and great walk for TINUBU &amp; SHETTIMA #BATSHET2023 will talk place  on Tuesday 29th November, 2022‚Ä¶",2022-11-23 10:45:03+00:00,0,,,,"Lagos, Nigeria",#BATSHET2023
Deykho_sani,"RT @SWAM4Tinubu2023: The Arewa Mega Rally and great walk for TINUBU &amp; SHETTIMA #BATSHET2023 will talk place  on Tuesday 29th November, 2022‚Ä¶",2022-11-23 10:44:04+00:00,0,,,,"Lagos, Nigeria",#BATSHET2023
thisisjaguar,"RT @SWAM4Tinubu2023: The Arewa Mega Rally and great walk for TINUBU &amp; SHETTIMA #BATSHET2023 will talk place  on Tuesday 29th November, 2022‚Ä¶",2022-11-23 10:41:58+00:00,0,,,,"Lagos, Nigeria",#BATSHET2023
AyoOyalowo,"RT @SWAM4Tinubu2023: The Arewa Mega Rally and great walk for TINUBU &amp; SHETTIMA #BATSHET2023 will talk place  on Tuesday 29th November, 2022‚Ä¶",2022-11-23 10:41:42+00:00,0,,,,"Abuja, Lagos & the world over",#BATSHET2023
SWAM4Tinubu2023,"The Arewa Mega Rally and great walk for TINUBU &amp; SHETTIMA #BATSHET2023 will talk place  on Tuesday 29th November, 2022 in Lagos.
Its an endorsement rally by the Hausa/Fulani Communities in Lagos State. @officialABAT @KashimSM @Sharksawn @Mr_JAGs @oil_shaeikh @AyoOyalowo @Qdpaper2 https://t.co/7YtiDL9psn",2022-11-23 10:41:22+00:00,52,,,,Nigeria,#BATSHET2023
waltopd,"The different between my candidate and your candidate is WE.
BAT is all about TEAM work.
Jagaban is a LEADER not a boss....

Vote #BATSHET2023",2022-11-23 10:35:07+00:00,1,,,,Nigeria,#BATSHET2023
SAsekome,"A Patriot üá≥üá¨
A Buharist ‚ù§Ô∏è
A BATist to the Marrow!!‚ôæÔ∏è‚ôæÔ∏è

#BAT2023 #BATSHET2023 #BATKSM2023 https://t.co/VXua7s5iYr",2022-11-23 10:02:43+00:00,1,,,"Place(_api=<tweepy.api.API object at 0x10e48fbe0>, id='00e55e2b4c491c5f', url='https://api.twitter.com/1.1/geo/id/00e55e2b4c491c5f.json', place_type='city', name='Abuja', full_name='Abuja, Nigeria', country_code='NG', country='Nigeria', contained_within=[], bounding_box=BoundingBox(_api=<tweepy.api.API object at 0x10e48fbe0>, type='Polygon', coordinates=[[[7.3045544, 8.961887], [7.5436339, 8.961887], [7.5436339, 9.1854407], [7.3045544, 9.1854407]]]), attributes={})",Federal Capital Territory,#BATSHET2023
Aliahmadmbg,"RT @jarmari01: Acceptance speech by Senator Kashim Shettima.

Sen @KashimSM is the next Vice President of Nigeria, In shaa Allah.

#BATSHET‚Ä¶",2022-11-23 06:25:13+00:00,0,,,,,#BATSHET2023
Raqson09,"@SAMKLEF Weda u guys like it or not 

This are d two incoming President and Vice President of Nigeria üá≥üá¨ 

#BATSHET2023 https://t.co/zK9uOzuUPw",2022-11-22 23:04:29+00:00,4,,,,United Kingdom,#BATSHET2023
iam_mzpaige,"RT @Buildbuff_ng: @Buildbuff_ng, We are taking order for all kind of building materials in large quantity

Dm or WhatsApp/Call: 09036996690‚Ä¶",2022-11-22 20:49:27+00:00,0,,,,Nigeria,#BATSHET2023
Buildbuff_ng,"RT @Buildbuff_ng: @Buildbuff_ng, We are taking order for all kind of building materials in large quantity

Dm or WhatsApp/Call: 09036996690‚Ä¶",2022-11-22 20:46:06+00:00,0,,,,"Lagos, Nigeria",#BATSHET2023
ophnx_,"@UchePOkoye Hmmm

#PeterObi4President2023 @PeterObi @atiku @OfficialAPCNg @OfficialPDPNig #theguyalbum @MBuhari @officialABAT #BATSHET2023 #Obidatti2023 #AtikuOkowa2023 #CNN #FoxNews #skynews #Trump #Asake #FireBoy @elonmusk #obidientmovement #Obidients #Obidient #NigeriaDecides2023 #Nigeria",2022-11-22 14:15:48+00:00,0,,,,,#BATSHET2023
munelo1,"@papachisimdi @Bollygee_dunsin @AdewunmiGbeng14 @AreaFada1 AR isn't a resting place neither is it for people without achievement in previous endeavors. Not for people without plan, manifesto

That office is for cerebrals with record to turn things around
Vote #BATSHET2023",2022-11-22 10:24:40+00:00,0,,,,,#BATSHET2023
koladeoyebola,"@PeterObi lied AGAIN by saying Nigeria has borrowed nearly a $100bn in the last 8 years. #thecandidate. This is looking more like a curse. Must this man always lie?
#BATSHET2023
#NIGERIADECIDES2023",2022-11-22 06:25:50+00:00,0,,,,"Lagos, Nigeria",#BATSHET2023
d_abdulsamod,"Keep wailing, we still move.

#AsoRock2023
#BATSHET2023
#Renewed_Hope2023 https://t.co/sVgbd0v3m9",2022-11-22 01:33:17+00:00,2,,,,"Lagos, Nigeria",#BATSHET2023
msmocrown,"RT @glowria_ray: Proudly IGBO
Proudly Anambarian
Proudly ADA TINUBU 1 OF ANAMBRA STATE
proudly #BATIFIED 
Proudly agbado girlü•∞
emilokan üç∑
#‚Ä¶",2022-11-21 19:40:47+00:00,0,,,,World ,#BATSHET2023
AOsawonyi,"Think a Better and Greater Nigeria..

Think Asiawaju Bola Ahmed Tinubu/Kashim Shettima 

Kano in the Bag...

#BATSHET2023
#RenewedHope2023 https://t.co/VHEaA9ljuh",2022-11-21 12:22:49+00:00,0,,,"Place(_api=<tweepy.api.API object at 0x10e48fbe0>, id='005dbe7e6949db42', url='https://api.twitter.com/1.1/geo/id/005dbe7e6949db42.json', place_type='city', name='Benin-City', full_name='Benin-City, Nigeria', country_code='NG', country='Nigeria', contained_within=[], bounding_box=BoundingBox(_api=<tweepy.api.API object at 0x10e48fbe0>, type='Polygon', coordinates=[[[5.5532952, 6.2445092], [5.7292806, 6.2445092], [5.7292806, 6.4254003], [5.5532952, 6.4254003]]]), attributes={})",,#BATSHET2023
ophnx_,"@JaypeeGeneral Hmmm

#PeterObi4President2023 @PeterObi @atiku @OfficialAPCNg @OfficialPDPNig #theguyalbum @MBuhari @officialABAT #BATSHET2023 #Obidatti2023 #AtikuOkowa2023 #CNN #FoxNews #skynews #Trump #Asake #FireBoy @elonmusk #obidientmovement #Obidients #Obidient #NigeriaDecides2023 #Nigeria",2022-11-21 11:01:53+00:00,0,,,,,#BATSHET2023
d_abdulsamod,"To thy Obi-dients
Lay hold of your propaganda and we will still be on that seat by God's grace.

#BATSHET2023 https://t.co/ajPW4ztciB",2022-11-21 09:11:45+00:00,1,,,,"Lagos, Nigeria",#BATSHET2023
ibroxnasirudeen,BAT IS INFINITY ‚ôæÔ∏è HOPE YOU KNOW?? #batshet2023 #KanoAPCYouthWalk @officialABAT @KashimSM,2022-11-21 07:38:36+00:00,1,,,,"Federal Capital Territory, Nig",#BATSHET2023
iBOsatofoh,"@officialABAT Has Now Altered The Political Narrative In Nigeria. His Wife &amp; Children Participating Fully In His Campaign, Which Has Encouraged Other Progressive Politicians' Children To Participate In His Campaign.

#BATSHET2023 
#RenewedHope2023
#FightCrimeNotTribe https://t.co/swYQZSHXfl",2022-11-21 06:22:01+00:00,0,,,,Federal Republic Of Nigeria,#BATSHET2023
SAsekome,"Spreading the BAT gospel. Another one won into the BATist Camp üëäüèæ‚ôæÔ∏è‚ôæÔ∏è

#BAT2023 #BATSHET2023 #BATKSM23 #RenewedHope2023 https://t.co/9UA8UB6kTZ",2022-11-20 18:54:43+00:00,4,,,"Place(_api=<tweepy.api.API object at 0x10e48fbe0>, id='00e55e2b4c491c5f', url='https://api.twitter.com/1.1/geo/id/00e55e2b4c491c5f.json', place_type='city', name='Abuja', full_name='Abuja, Nigeria', country_code='NG', country='Nigeria', contained_within=[], bounding_box=BoundingBox(_api=<tweepy.api.API object at 0x10e48fbe0>, type='Polygon', coordinates=[[[7.3045544, 8.961887], [7.5436339, 8.961887], [7.5436339, 9.1854407], [7.3045544, 9.1854407]]]), attributes={})",Federal Capital Territory,#BATSHET2023
lawal_radda,"RT @dikkodanamana: The In-coming first lady of Nigeria and the In-coming first lady of Katsina State insha Allah .

#batshet2023
#Radda2023‚Ä¶",2022-11-20 18:31:56+00:00,0,,,,"Radda, Nigeria",#BATSHET2023
johnero_,"#BATSHET2023
Youth walk live in Kano 
Stop playing . https://t.co/K5gt4rx1Wg",2022-11-20 15:20:38+00:00,0,,,,All Around The World ,#BATSHET2023
AOsawonyi,"KANO ninu Apo fun Asiawaju Bola Ahmed Tinubu...

#kano1millionMarchForTinubu
#BATSHET2023 
#RenewedHope2023 https://t.co/9lDjzWjH91",2022-11-20 15:17:14+00:00,1,,,"Place(_api=<tweepy.api.API object at 0x10e48fbe0>, id='005dbe7e6949db42', url='https://api.twitter.com/1.1/geo/id/005dbe7e6949db42.json', place_type='city', name='Benin-City', full_name='Benin-City, Nigeria', country_code='NG', country='Nigeria', contained_within=[], bounding_box=BoundingBox(_api=<tweepy.api.API object at 0x10e48fbe0>, type='Polygon', coordinates=[[[5.5532952, 6.2445092], [5.7292806, 6.2445092], [5.7292806, 6.4254003], [5.5532952, 6.4254003]]]), attributes={})",,#BATSHET2023
AOsawonyi,"KOGI ninu Apo fun Asiawaju Bola Ahmed Tinubu...

#KogiInTheBag..
#kogi1millionMarchForTinubu
#BATSHET2023 
#RenewedHope2023 https://t.co/5GSddSaZZr",2022-11-20 15:16:24+00:00,0,,,"Place(_api=<tweepy.api.API object at 0x10e48fbe0>, id='005dbe7e6949db42', url='https://api.twitter.com/1.1/geo/id/005dbe7e6949db42.json', place_type='city', name='Benin-City', full_name='Benin-City, Nigeria', country_code='NG', country='Nigeria', contained_within=[], bounding_box=BoundingBox(_api=<tweepy.api.API object at 0x10e48fbe0>, type='Polygon', coordinates=[[[5.5532952, 6.2445092], [5.7292806, 6.2445092], [5.7292806, 6.4254003], [5.5532952, 6.4254003]]]), attributes={})",,#BATSHET2023
AOsawonyi,"KOGI in the bag for @officialABAT 

#Kogi1millionMarch is a goal...

#BATSHET2023
#RenewedHope2023 https://t.co/jqJUaEnZ9W",2022-11-20 14:48:35+00:00,0,,,"Place(_api=<tweepy.api.API object at 0x10e48fbe0>, id='00c769811539c617', url='https://api.twitter.com/1.1/geo/id/00c769811539c617.json', place_type='admin', name='Edo', full_name='Edo, Nigeria', country_code='NG', country='Nigeria', contained_within=[], bounding_box=BoundingBox(_api=<tweepy.api.API object at 0x10e48fbe0>, type='Polygon', coordinates=[[[5.0086055, 5.7411889], [6.7194358, 5.7411889], [6.7194358, 7.5964485], [5.0086055, 7.5964485]]]), attributes={})",,#BATSHET2023
DejiAcre,"This is CR7 doings. 

Asiwaju is the CR7 of Nigeria's politics. ü§óü§óü§óüëå

#BATSHET2023 https://t.co/IwfmpM8g1C",2022-11-20 14:36:08+00:00,0,,,"Place(_api=<tweepy.api.API object at 0x10e48fbe0>, id='011a942e0a0e8fb2', url='https://api.twitter.com/1.1/geo/id/011a942e0a0e8fb2.json', place_type='admin', name='Lagos', full_name='Lagos, Nigeria', country_code='NG', country='Nigeria', contained_within=[], bounding_box=BoundingBox(_api=<tweepy.api.API object at 0x10e48fbe0>, type='Polygon', coordinates=[[[2.7063037, 6.3703877], [4.350022, 6.3703877], [4.350022, 6.6985461], [2.7063037, 6.6985461]]]), attributes={})","Lagos, Nigeria",#BATSHET2023
iBOsatofoh,"Together, We Are Stronger.‚ù§Ô∏è

#RenewedHope2023
#BATSHET2023 
#FightCrimeNotTribe https://t.co/zqhiwAZIia",2022-11-20 14:26:50+00:00,0,,,,Federal Republic Of Nigeria,#BATSHET2023
Bellonura10,"RT @dikkodanamana: The In-coming first lady of Nigeria and the In-coming first lady of Katsina State insha Allah .

#batshet2023
#Radda2023‚Ä¶",2022-11-20 14:07:07+00:00,0,,,,Maiduguri,#BATSHET2023
Barde6767,"RT @dikkodanamana: The In-coming first lady of Nigeria and the In-coming first lady of Katsina State insha Allah .

#batshet2023
#Radda2023‚Ä¶",2022-11-20 13:55:53+00:00,0,,,,"Kaduna, Nigeria",#BATSHET2023
HadizaAbdulazi9,"RT @dikkodanamana: The In-coming first lady of Nigeria and the In-coming first lady of Katsina State insha Allah .

#batshet2023
#Radda2023‚Ä¶",2022-11-20 13:51:36+00:00,0,,,,"Katsina, Nigeria",#BATSHET2023
MrDamionz,"RT @hadjimart1: Resumed work today in one of my best kaftans capped with BAT‚Äôs logo Cap from my brother @Wanzaaam 
If u like say u no go bu‚Ä¶",2022-11-20 09:46:15+00:00,0,,,,‚ñì‚ñì‚ñì‚ñì‚ñì‚ñì‚ñì‚ñì‚ñì‚ñì‚ñì‚ñì‚ñì‚ñì ‚óÄscratch Gently,#BATSHET2023
Basheernuhu01,"RT @dikkodanamana: The In-coming first lady of Nigeria and the In-coming first lady of Katsina State insha Allah .

#batshet2023
#Radda2023‚Ä¶",2022-11-20 08:18:40+00:00,0,,,,"Dandume, Katsina state üá≥üá¨",#BATSHET2023
dikkodanamana,"The In-coming first lady of Nigeria and the In-coming first lady of Katsina State insha Allah .

#batshet2023
#Radda2023. https://t.co/nweGyS3wRX",2022-11-20 08:17:44+00:00,18,,,,"Katsina, Nigeria",#BATSHET2023
johnero_,"WARRI do ! #APC2023
Thank you Delta . 
The Big Heart üíú 
ASIWAJU FOR PRESIDENT .
#BATSHET2023 https://t.co/i5hoIMHxO5",2022-11-20 00:58:10+00:00,1,,,,All Around The World ,#BATSHET2023
Jagaban__1,"RT @SAsekome: Naturally, all BATists are Cute! Prove me wrong, I‚Äôll wait üòé ‚ôæÔ∏è‚ôæÔ∏è

Juma‚Äôat Mubarak üìøüïå

#BAT2023 #BATKSM23 #BATSHET2023 https:‚Ä¶",2022-11-20 00:27:09+00:00,0,,,,"Lagos, Nigeria",#BATSHET2023
MR_XANNER,"RT @MR_XANNER: Leading with compassion.  
Serving with competence. 
#BATKSM2023 
#BATSHET2023 https://t.co/Qu0C3OtOFK",2022-11-19 22:50:24+00:00,0,,,,Maiduguri ,#BATSHET2023
MR_XANNER,"Leading with compassion.  
Serving with competence. 
#BATKSM2023 
#BATSHET2023 https://t.co/Qu0C3OtOFK",2022-11-19 22:49:57+00:00,3,,,"Place(_api=<tweepy.api.API object at 0x10e48fbe0>, id='000763a81141ab85', url='https://api.twitter.com/1.1/geo/id/000763a81141ab85.json', place_type='city', name='Maiduguri', full_name='Maiduguri, Nigeria', country_code='NG', country='Nigeria', contained_within=[], bounding_box=BoundingBox(_api=<tweepy.api.API object at 0x10e48fbe0>, type='Polygon', coordinates=[[[13.0432909, 11.7826542], [13.2550301, 11.7826542], [13.2550301, 11.9164327], [13.0432909, 11.9164327]]]), attributes={})",Maiduguri ,#BATSHET2023
DejiAcre,"We have 23 APC Governors, &amp; 5 PDP Governors working in favor of BAT...In total we have 28 PDAPC Governors. üòÖüí™

#BATSHET2023. https://t.co/JTzpjgFUvF",2022-11-19 22:13:00+00:00,3,,,,"Lagos, Nigeria",#BATSHET2023
usenilookman,RT @Gen_Buhar: No joy for all opposition has the unbeatable candidate #Batshet2023 in Delta State. https://t.co/aUQ7uwrDLv,2022-11-19 21:21:04+00:00,0,,,,Ojodu Berger,#BATSHET2023
Jenkinsms,RT @Gen_Buhar: No joy for all opposition has the unbeatable candidate #Batshet2023 in Delta State. https://t.co/aUQ7uwrDLv,2022-11-19 20:09:57+00:00,0,,,,,#BATSHET2023
CrownCrafts,RT @Gen_Buhar: No joy for all opposition has the unbeatable candidate #Batshet2023 in Delta State. https://t.co/aUQ7uwrDLv,2022-11-19 19:45:13+00:00,0,,,,"Lagos, Nigeria",#BATSHET2023
Oladoyin247,RT @Gen_Buhar: No joy for all opposition has the unbeatable candidate #Batshet2023 in Delta State. https://t.co/aUQ7uwrDLv,2022-11-19 19:34:41+00:00,0,,,,"Isara Remo,Ogun State,Nigeria.",#BATSHET2023
mosudeen,RT @Gen_Buhar: No joy for all opposition has the unbeatable candidate #Batshet2023 in Delta State. https://t.co/aUQ7uwrDLv,2022-11-19 19:11:08+00:00,0,,,,somewhere in the world,#BATSHET2023
DejiAcre,"City Boy knows how to play the game of rubbishing wailers. Baba sampled dem for Delta. 

Kokoko l'ara ota nle. üí™

#BATSHET2023 https://t.co/2tWmPQ58wA",2022-11-19 18:48:41+00:00,2,,,"Place(_api=<tweepy.api.API object at 0x10e48fbe0>, id='011a942e0a0e8fb2', url='https://api.twitter.com/1.1/geo/id/011a942e0a0e8fb2.json', place_type='admin', name='Lagos', full_name='Lagos, Nigeria', country_code='NG', country='Nigeria', contained_within=[], bounding_box=BoundingBox(_api=<tweepy.api.API object at 0x10e48fbe0>, type='Polygon', coordinates=[[[2.7063037, 6.3703877], [4.350022, 6.3703877], [4.350022, 6.6985461], [2.7063037, 6.6985461]]]), attributes={})","Lagos, Nigeria",#BATSHET2023
Biodunbello063,RT @Gen_Buhar: No joy for all opposition has the unbeatable candidate #Batshet2023 in Delta State. https://t.co/aUQ7uwrDLv,2022-11-19 18:14:47+00:00,0,,,,,#BATSHET2023
Umar_Umar41,"Secretary Logistics and Supports Service Hon. Abdulrazak Namdas for PCC with Deputy National Chairman of APC Sen. Kyari in Wari, Delta State for today's APC Presidential Campaign Rally 

#BATSHET2023 #RenewedHope2023
19th Nov,2022 https://t.co/RqsC6dghNf",2022-11-19 17:55:22+00:00,0,,,,Nigeria,#BATSHET2023
kamil_abuaisha,RT @Gen_Buhar: No joy for all opposition has the unbeatable candidate #Batshet2023 in Delta State. https://t.co/aUQ7uwrDLv,2022-11-19 16:56:00+00:00,0,,,,"Lagos, Nigeria",#BATSHET2023
Jagaban__1,"RT @hadjimart1: Resumed work today in one of my best kaftans capped with BAT‚Äôs logo Cap from my brother @Wanzaaam 
If u like say u no go bu‚Ä¶",2022-11-19 16:29:36+00:00,0,,,,"Lagos, Nigeria",#BATSHET2023
Princedeyemi_01,RT @Gen_Buhar: No joy for all opposition has the unbeatable candidate #Batshet2023 in Delta State. https://t.co/aUQ7uwrDLv,2022-11-19 16:24:03+00:00,0,,,,Nigeria,#BATSHET2023
SeanRealJohn1,"RT @SAsekome: Naturally, all BATists are Cute! Prove me wrong, I‚Äôll wait üòé ‚ôæÔ∏è‚ôæÔ∏è

Juma‚Äôat Mubarak üìøüïå

#BAT2023 #BATKSM23 #BATSHET2023 https:‚Ä¶",2022-11-19 16:13:43+00:00,0,,,,,#BATSHET2023
sadiq_taiwo,RT @Gen_Buhar: No joy for all opposition has the unbeatable candidate #Batshet2023 in Delta State. https://t.co/aUQ7uwrDLv,2022-11-19 16:09:54+00:00,0,,,,,#BATSHET2023
garbadaru,RT @Gen_Buhar: No joy for all opposition has the unbeatable candidate #Batshet2023 in Delta State. https://t.co/aUQ7uwrDLv,2022-11-19 15:50:25+00:00,0,,,,Egypt,#BATSHET2023
WajohBala,"Only this @OfficialAPCNg Presidential Rally for Warri, Delta State, Country Home of their vice Presidential Candidate go give them assignment.

This one loud ‚ú®‚ú®‚ú®‚ú®

Watch and see!!!

They are calculating the kind of eraser to use.

#BATSHET2023

@APCPresCC2022 @officialABAT https://t.co/iuMGWvri6w",2022-11-19 15:37:36+00:00,2,,,,,#BATSHET2023
IbrahimHmayo,"Flash,
Hon. @therealnamdas Secretary Logistics and Support Services @APCPresCC2022  in Warri Delta State for today's APC Presidential Campaign. #BATSHET2023 https://t.co/zWl2kLa9uD",2022-11-19 15:24:02+00:00,2,,,,"Adamawa, Nigeria",#BATSHET2023
DavidOluwa76,RT @Gen_Buhar: No joy for all opposition has the unbeatable candidate #Batshet2023 in Delta State. https://t.co/aUQ7uwrDLv,2022-11-19 15:23:23+00:00,0,,,,"Atlanta, GA",#BATSHET2023
Emmanue63969362,RT @Gen_Buhar: No joy for all opposition has the unbeatable candidate #Batshet2023 in Delta State. https://t.co/aUQ7uwrDLv,2022-11-19 15:21:17+00:00,0,,,,Lagos,#BATSHET2023
Basheerkoko3,RT @Gen_Buhar: No joy for all opposition has the unbeatable candidate #Batshet2023 in Delta State. https://t.co/aUQ7uwrDLv,2022-11-19 14:48:30+00:00,0,,,,"Minna, Nigeria",#BATSHET2023
forabiola,Thank you Delta! Let's translate this to a reality come February and March 2023. #YesWeCan #BATSHET2023 https://t.co/WVCi6tYfFV,2022-11-19 14:38:35+00:00,0,,,,Sub-Sahara Africa. ,#BATSHET2023
ralphadeniyi,RT @Gen_Buhar: No joy for all opposition has the unbeatable candidate #Batshet2023 in Delta State. https://t.co/aUQ7uwrDLv,2022-11-19 14:36:06+00:00,0,,,,Citizen of the World,#BATSHET2023
starvillageboy,RT @Gen_Buhar: No joy for all opposition has the unbeatable candidate #Batshet2023 in Delta State. https://t.co/aUQ7uwrDLv,2022-11-19 14:32:43+00:00,0,,,,Abuja- +2348037684686,#BATSHET2023
SahibAbdulwasi,RT @Gen_Buhar: No joy for all opposition has the unbeatable candidate #Batshet2023 in Delta State. https://t.co/aUQ7uwrDLv,2022-11-19 14:31:46+00:00,0,,,,Lagos,#BATSHET2023
Omo_orimolusi,RT @Gen_Buhar: No joy for all opposition has the unbeatable candidate #Batshet2023 in Delta State. https://t.co/aUQ7uwrDLv,2022-11-19 14:30:07+00:00,0,,,,"Lagos, Nigeria",#BATSHET2023
Mikeolugbenga1,RT @Gen_Buhar: No joy for all opposition has the unbeatable candidate #Batshet2023 in Delta State. https://t.co/aUQ7uwrDLv,2022-11-19 14:28:38+00:00,0,,,,Lagos,#BATSHET2023
OluwafemiAdeeyo,RT @Gen_Buhar: No joy for all opposition has the unbeatable candidate #Batshet2023 in Delta State. https://t.co/aUQ7uwrDLv,2022-11-19 14:28:26+00:00,0,,,,,#BATSHET2023
bobbynaira,RT @Gen_Buhar: No joy for all opposition has the unbeatable candidate #Batshet2023 in Delta State. https://t.co/aUQ7uwrDLv,2022-11-19 14:21:34+00:00,0,,,,Lagos,#BATSHET2023
AwobusuyiA,RT @Gen_Buhar: No joy for all opposition has the unbeatable candidate #Batshet2023 in Delta State. https://t.co/aUQ7uwrDLv,2022-11-19 14:20:50+00:00,0,,,,Lagos,#BATSHET2023
shittu10,RT @Gen_Buhar: No joy for all opposition has the unbeatable candidate #Batshet2023 in Delta State. https://t.co/aUQ7uwrDLv,2022-11-19 14:19:03+00:00,0,,,,Nigeria,#BATSHET2023
Gen_Buhar,No joy for all opposition has the unbeatable candidate #Batshet2023 in Delta State. https://t.co/aUQ7uwrDLv,2022-11-19 14:17:40+00:00,31,,,,Heaven ,#BATSHET2023
johnero_,"Asiwaju Bola Ahmed TINUBU for President .
#Renewedhope2023
#BATSHET2023 
Delta we are here ! https://t.co/S0BU13lzbk",2022-11-19 14:07:59+00:00,0,,,,All Around The World ,#BATSHET2023
ItsOladeni,This video funny gan #BATSHET2023 https://t.co/olzuLnKz9x,2022-11-19 11:51:41+00:00,0,,,,"Ibadan, Nigeria",#BATSHET2023
skaalbgroup,"BAT is Coming, Deltans are waiting.

#BATSHET2023
#APCDeltaStateRally2023 https://t.co/vcQEBu1zZK",2022-11-19 11:23:13+00:00,1,,,,"Warri, Nigeria",#BATSHET2023
Abiadeadebayo20,"RT @SAsekome: Naturally, all BATists are Cute! Prove me wrong, I‚Äôll wait üòé ‚ôæÔ∏è‚ôæÔ∏è

Juma‚Äôat Mubarak üìøüïå

#BAT2023 #BATKSM23 #BATSHET2023 https:‚Ä¶",2022-11-19 11:07:55+00:00,0,,,,"Lagos, Nigeria",#BATSHET2023
ghapesmallz007,"RT @SAsekome: Naturally, all BATists are Cute! Prove me wrong, I‚Äôll wait üòé ‚ôæÔ∏è‚ôæÔ∏è

Juma‚Äôat Mubarak üìøüïå

#BAT2023 #BATKSM23 #BATSHET2023 https:‚Ä¶",2022-11-19 09:43:27+00:00,0,,,,rite thurr**,#BATSHET2023
ibroxnasirudeen,"@PSquare Twins to celebrate their birthday at Eko Hotel, home of Tinubu, instead of Agulu. They're afraid of insecurities in Anambra State @psquare @rudeboypsquare @PeterPsquare #Batshet2023",2022-11-19 09:42:30+00:00,0,,,,"Federal Capital Territory, Nig",#BATSHET2023
lumydepistle,"In Nigeria, some youths whose lives have been almost wasted by greedy politicians are still ""standing on yah mandate"" hoping for ""Ashiwaju/Atiku miracle"" to make life meaningful.

#obidientmovement 
#BATSHET2023 
#AtikuOkowa2023 https://t.co/W5uHVVHsU4",2022-11-19 09:02:23+00:00,0,,,,Somewhere on Earth,#BATSHET2023
InspireAA,"RT @SAsekome: Naturally, all BATists are Cute! Prove me wrong, I‚Äôll wait üòé ‚ôæÔ∏è‚ôæÔ∏è

Juma‚Äôat Mubarak üìøüïå

#BAT2023 #BATKSM23 #BATSHET2023 https:‚Ä¶",2022-11-19 07:32:59+00:00,0,,,,"Lagos, Nigeria",#BATSHET2023
ophnx_,"@AishaYesufu @PeterObi Hmmm

#PeterObi4President2023 @PeterObi @atiku @OfficialAPCNg @OfficialPDPNig #theguyalbum @MBuhari @officialABAT #BATSHET2023 #Obidatti2023 #AtikuOkowa2023 #CNN #FoxNews #skynews #Trump #Asake #FireBoy @elonmusk #obidientmovement #Obidients #Obidient #NigeriaDecides2023 #Nigeria",2022-11-19 06:52:45+00:00,0,,,,,#BATSHET2023
segilolaa,"RT @SAsekome: Naturally, all BATists are Cute! Prove me wrong, I‚Äôll wait üòé ‚ôæÔ∏è‚ôæÔ∏è

Juma‚Äôat Mubarak üìøüïå

#BAT2023 #BATKSM23 #BATSHET2023 https:‚Ä¶",2022-11-19 06:43:43+00:00,0,,,,Lagos,#BATSHET2023
zabeenarh,"RT @hadjimart1: Resumed work today in one of my best kaftans capped with BAT‚Äôs logo Cap from my brother @Wanzaaam 
If u like say u no go bu‚Ä¶",2022-11-19 05:36:53+00:00,0,,,,,#BATSHET2023
Mz_Tosyn,"RT @SAsekome: Naturally, all BATists are Cute! Prove me wrong, I‚Äôll wait üòé ‚ôæÔ∏è‚ôæÔ∏è

Juma‚Äôat Mubarak üìøüïå

#BAT2023 #BATKSM23 #BATSHET2023 https:‚Ä¶",2022-11-19 05:07:37+00:00,0,,,,,#BATSHET2023
TheBATgangan,"RT @SAsekome: Naturally, all BATists are Cute! Prove me wrong, I‚Äôll wait üòé ‚ôæÔ∏è‚ôæÔ∏è

Juma‚Äôat Mubarak üìøüïå

#BAT2023 #BATKSM23 #BATSHET2023 https:‚Ä¶",2022-11-19 05:00:18+00:00,0,,,,,#BATSHET2023
Royal_sardauna,"RT @hadjimart1: Resumed work today in one of my best kaftans capped with BAT‚Äôs logo Cap from my brother @Wanzaaam 
If u like say u no go bu‚Ä¶",2022-11-19 04:43:50+00:00,0,,,,kaduna,#BATSHET2023
Wanzaaam,"RT @hadjimart1: Resumed work today in one of my best kaftans capped with BAT‚Äôs logo Cap from my brother @Wanzaaam 
If u like say u no go bu‚Ä¶",2022-11-19 04:39:43+00:00,0,,,,Nigeria,#BATSHET2023
kayodey2k4,"RT @SAsekome: Naturally, all BATists are Cute! Prove me wrong, I‚Äôll wait üòé ‚ôæÔ∏è‚ôæÔ∏è

Juma‚Äôat Mubarak üìøüïå

#BAT2023 #BATKSM23 #BATSHET2023 https:‚Ä¶",2022-11-19 03:39:01+00:00,0,,,,Somewhere Near you!,#BATSHET2023
Haysh_Dee,"RT @SAsekome: Naturally, all BATists are Cute! Prove me wrong, I‚Äôll wait üòé ‚ôæÔ∏è‚ôæÔ∏è

Juma‚Äôat Mubarak üìøüïå

#BAT2023 #BATKSM23 #BATSHET2023 https:‚Ä¶",2022-11-19 02:09:35+00:00,0,,,,Port Harcourt,#BATSHET2023
TonexBat23,"RT @hadjimart1: Resumed work today in one of my best kaftans capped with BAT‚Äôs logo Cap from my brother @Wanzaaam 
If u like say u no go bu‚Ä¶",2022-11-18 23:42:37+00:00,0,,,,"Delta, Nigeria",#BATSHET2023
TonexBat23,"RT @SAsekome: Naturally, all BATists are Cute! Prove me wrong, I‚Äôll wait üòé ‚ôæÔ∏è‚ôæÔ∏è

Juma‚Äôat Mubarak üìøüïå

#BAT2023 #BATKSM23 #BATSHET2023 https:‚Ä¶",2022-11-18 23:42:30+00:00,0,,,,"Delta, Nigeria",#BATSHET2023
Damilare1213,"RT @SAsekome: Naturally, all BATists are Cute! Prove me wrong, I‚Äôll wait üòé ‚ôæÔ∏è‚ôæÔ∏è

Juma‚Äôat Mubarak üìøüïå

#BAT2023 #BATKSM23 #BATSHET2023 https:‚Ä¶",2022-11-18 23:36:02+00:00,0,,,,,#BATSHET2023
myyemi,"RT @SAsekome: Naturally, all BATists are Cute! Prove me wrong, I‚Äôll wait üòé ‚ôæÔ∏è‚ôæÔ∏è

Juma‚Äôat Mubarak üìøüïå

#BAT2023 #BATKSM23 #BATSHET2023 https:‚Ä¶",2022-11-18 22:55:51+00:00,0,,,,"Lagos, Nigeria",#BATSHET2023
fojgold,"RT @hadjimart1: Resumed work today in one of my best kaftans capped with BAT‚Äôs logo Cap from my brother @Wanzaaam 
If u like say u no go bu‚Ä¶",2022-11-18 22:44:19+00:00,0,,,,,#BATSHET2023
mcnun,"RT @hadjimart1: Resumed work today in one of my best kaftans capped with BAT‚Äôs logo Cap from my brother @Wanzaaam 
If u like say u no go bu‚Ä¶",2022-11-18 22:29:33+00:00,0,,,,Lagos,#BATSHET2023
dannyolu,"While one lying machine was the one narrating his lies as his own story, the colleagues and friends of the  main candidate are the ones telling his stories as they are.
Different between lies and truth.
#BATSHET2023 https://t.co/ilwK4YiYgi",2022-11-18 22:26:12+00:00,0,,,,"Lagos, Nigeria",#BATSHET2023
Tariqnur0005,"RT @SAsekome: Naturally, all BATists are Cute! Prove me wrong, I‚Äôll wait üòé ‚ôæÔ∏è‚ôæÔ∏è

Juma‚Äôat Mubarak üìøüïå

#BAT2023 #BATKSM23 #BATSHET2023 https:‚Ä¶",2022-11-18 21:16:36+00:00,0,,,,,#BATSHET2023
emeka349,"RT @d_kenzo_: Via a free &amp; fair election üó≥
My predictions üëá

Peter obi ~ 18,354,020

Atiku ~ 11,556,345

Tinubu ~ 6,126,010

Kwankwaso ~ 1,‚Ä¶",2022-11-18 20:09:11+00:00,0,,,,Makurdi benue state nigeria,#BATSHET2023
AishaJana,"RT @SAsekome: Naturally, all BATists are Cute! Prove me wrong, I‚Äôll wait üòé ‚ôæÔ∏è‚ôæÔ∏è

Juma‚Äôat Mubarak üìøüïå

#BAT2023 #BATKSM23 #BATSHET2023 https:‚Ä¶",2022-11-18 19:57:39+00:00,0,,,,,#BATSHET2023
sk_yusuf2,"RT @SAsekome: Naturally, all BATists are Cute! Prove me wrong, I‚Äôll wait üòé ‚ôæÔ∏è‚ôæÔ∏è

Juma‚Äôat Mubarak üìøüïå

#BAT2023 #BATKSM23 #BATSHET2023 https:‚Ä¶",2022-11-18 19:53:25+00:00,0,,,,,#BATSHET2023
iBOsatofoh,"Where Should We Go If Twitter Goes Down?

ü§îü§îü§îü§îü§îü§îü§î

However,

#BATSHET2023 
#FightCrimeNotTribe",2022-11-18 18:58:09+00:00,0,,,,Federal Republic Of Nigeria,#BATSHET2023
SagirMuhammadB1,"RT @hadjimart1: Resumed work today in one of my best kaftans capped with BAT‚Äôs logo Cap from my brother @Wanzaaam 
If u like say u no go bu‚Ä¶",2022-11-18 18:55:14+00:00,0,,,,,#BATSHET2023
Jidejay_,"RT @hadjimart1: Resumed work today in one of my best kaftans capped with BAT‚Äôs logo Cap from my brother @Wanzaaam 
If u like say u no go bu‚Ä¶",2022-11-18 18:41:56+00:00,0,,,,Lasgidi,#BATSHET2023
dimescarajay,"RT @hadjimart1: Resumed work today in one of my best kaftans capped with BAT‚Äôs logo Cap from my brother @Wanzaaam 
If u like say u no go bu‚Ä¶",2022-11-18 18:39:41+00:00,0,,,,Lagos Nigeria,#BATSHET2023
aktogbaskey,"RT @hadjimart1: Resumed work today in one of my best kaftans capped with BAT‚Äôs logo Cap from my brother @Wanzaaam 
If u like say u no go bu‚Ä¶",2022-11-18 18:38:03+00:00,0,,,,Lagos üá≥üá¨ ,#BATSHET2023
iBOsatofoh,"Delta Here We Come...

#BATSHET2023 
#FightCrimeNotTribe https://t.co/VPOv0TSfKe",2022-11-18 17:49:51+00:00,0,,,,Federal Republic Of Nigeria,#BATSHET2023
Kash01b,"RT @hadjimart1: Resumed work today in one of my best kaftans capped with BAT‚Äôs logo Cap from my brother @Wanzaaam 
If u like say u no go bu‚Ä¶",2022-11-18 16:57:24+00:00,0,,,,"Lagos, Nigeria",#BATSHET2023
Damilare1213,"RT @hadjimart1: Resumed work today in one of my best kaftans capped with BAT‚Äôs logo Cap from my brother @Wanzaaam 
If u like say u no go bu‚Ä¶",2022-11-18 16:56:55+00:00,0,,,,,#BATSHET2023
AlhajiBimbo,"RT @SAsekome: Naturally, all BATists are Cute! Prove me wrong, I‚Äôll wait üòé ‚ôæÔ∏è‚ôæÔ∏è

Juma‚Äôat Mubarak üìøüïå

#BAT2023 #BATKSM23 #BATSHET2023 https:‚Ä¶",2022-11-18 16:49:32+00:00,0,,,,"Abuja, Nigeria",#BATSHET2023
kayodey2k4,"RT @hadjimart1: Resumed work today in one of my best kaftans capped with BAT‚Äôs logo Cap from my brother @Wanzaaam 
If u like say u no go bu‚Ä¶",2022-11-18 16:47:08+00:00,0,,,,Somewhere Near you!,#BATSHET2023
SAsekome,"Naturally, all BATists are Cute! Prove me wrong, I‚Äôll wait üòé ‚ôæÔ∏è‚ôæÔ∏è

Juma‚Äôat Mubarak üìøüïå

#BAT2023 #BATKSM23 #BATSHET2023 https://t.co/I5iH0r2M9k",2022-11-18 16:44:42+00:00,130,,,"Place(_api=<tweepy.api.API object at 0x10e48fbe0>, id='00e55e2b4c491c5f', url='https://api.twitter.com/1.1/geo/id/00e55e2b4c491c5f.json', place_type='city', name='Abuja', full_name='Abuja, Nigeria', country_code='NG', country='Nigeria', contained_within=[], bounding_box=BoundingBox(_api=<tweepy.api.API object at 0x10e48fbe0>, type='Polygon', coordinates=[[[7.3045544, 8.961887], [7.5436339, 8.961887], [7.5436339, 9.1854407], [7.3045544, 9.1854407]]]), attributes={})",Federal Capital Territory,#BATSHET2023
Atobatele_1,"RT @hadjimart1: Resumed work today in one of my best kaftans capped with BAT‚Äôs logo Cap from my brother @Wanzaaam 
If u like say u no go bu‚Ä¶",2022-11-18 16:37:23+00:00,0,,,,"√ål√°_Or√†ng√∫n,Osun, Lagos, Ghana",#BATSHET2023
BTalion001,"RT @hadjimart1: Resumed work today in one of my best kaftans capped with BAT‚Äôs logo Cap from my brother @Wanzaaam 
If u like say u no go bu‚Ä¶",2022-11-18 16:07:49+00:00,0,,,,,#BATSHET2023
victore38135415,"RT @d_kenzo_: Via a free &amp; fair election üó≥
My predictions üëá

Peter obi ~ 18,354,020

Atiku ~ 11,556,345

Tinubu ~ 6,126,010

Kwankwaso ~ 1,‚Ä¶",2022-11-18 15:57:41+00:00,0,,,,,#BATSHET2023
ify_cis,"RT @d_kenzo_: Via a free &amp; fair election üó≥
My predictions üëá

Peter obi ~ 18,354,020

Atiku ~ 11,556,345

Tinubu ~ 6,126,010

Kwankwaso ~ 1,‚Ä¶",2022-11-18 15:49:30+00:00,0,,,,"Lagos, Nigeria",#BATSHET2023
olugbemmy,"RT @hadjimart1: Resumed work today in one of my best kaftans capped with BAT‚Äôs logo Cap from my brother @Wanzaaam 
If u like say u no go bu‚Ä¶",2022-11-18 14:58:55+00:00,0,,,,,#BATSHET2023
Johnboscoobinn2,"RT @d_kenzo_: Via a free &amp; fair election üó≥
My predictions üëá

Peter obi ~ 18,354,020

Atiku ~ 11,556,345

Tinubu ~ 6,126,010

Kwankwaso ~ 1,‚Ä¶",2022-11-18 14:39:12+00:00,0,,,,,#BATSHET2023
Nkemjika_______,"RT @d_kenzo_: Via a free &amp; fair election üó≥
My predictions üëá

Peter obi ~ 18,354,020

Atiku ~ 11,556,345

Tinubu ~ 6,126,010

Kwankwaso ~ 1,‚Ä¶",2022-11-18 14:21:09+00:00,0,,,,"London, England",#BATSHET2023
d_kenzo_,"Via a free &amp; fair election üó≥
My predictions üëá

Peter obi ~ 18,354,020

Atiku ~ 11,556,345

Tinubu ~ 6,126,010

Kwankwaso ~ 1,354,467

Sowore ~ 9,201

Apga ~ 5,366

Note ; Peter obi will win Lagos, any thug is at its own risk! ‚ùå‚ö†Ô∏è

#ObiDatti2023 #AtikuOkowa2023 #BATSHET2023",2022-11-18 14:18:56+00:00,12,,,,Nigeria,#BATSHET2023
ShinningLight15,"RT @hadjimart1: Resumed work today in one of my best kaftans capped with BAT‚Äôs logo Cap from my brother @Wanzaaam 
If u like say u no go bu‚Ä¶",2022-11-18 13:49:57+00:00,0,,,,,#BATSHET2023
RidwanAAdedapo,"RT @hadjimart1: Resumed work today in one of my best kaftans capped with BAT‚Äôs logo Cap from my brother @Wanzaaam 
If u like say u no go bu‚Ä¶",2022-11-18 13:39:34+00:00,0,,,,"London, England",#BATSHET2023
Ayettytemmy,RT @PBALegal: The most popular logo in the history of Nigeria. Brace up and receive Renewed Hope in 2023. #ABAT #ABAT2023 #BATSHET #BATSHET‚Ä¶,2022-11-18 12:36:49+00:00,0,,,,"Lagos, Nigeria",#BATSHET2023
MaxwellDele,"RT @hadjimart1: Resumed work today in one of my best kaftans capped with BAT‚Äôs logo Cap from my brother @Wanzaaam 
If u like say u no go bu‚Ä¶",2022-11-18 12:05:56+00:00,0,,,,,#BATSHET2023
Wayd07,"Surulere is sealed for @OfficialAPCNg, @Official_ABAT, @KashimSM, @SpeakerGbaja, @jidesanwoolu, @WasiuEshilokun &amp; @DesmondElliot_. 

#Jagaban
#Asiwaju 
#BATSHET2023 
#BATKSM2023 
#cityboys 
#SanwoAgain 
#gbaja https://t.co/E47L8hWbFf",2022-11-18 11:59:30+00:00,1,,,,,#BATSHET2023
ademiportant,"RT @hadjimart1: Resumed work today in one of my best kaftans capped with BAT‚Äôs logo Cap from my brother @Wanzaaam 
If u like say u no go bu‚Ä¶",2022-11-18 11:44:13+00:00,0,,,,Nigeria,#BATSHET2023
chikezus,"RT @hadjimart1: Resumed work today in one of my best kaftans capped with BAT‚Äôs logo Cap from my brother @Wanzaaam 
If u like say u no go bu‚Ä¶",2022-11-18 11:37:16+00:00,0,,,,,#BATSHET2023
akomscopy,"RT @hadjimart1: Resumed work today in one of my best kaftans capped with BAT‚Äôs logo Cap from my brother @Wanzaaam 
If u like say u no go bu‚Ä¶",2022-11-18 11:28:07+00:00,0,,,,"Lagos, Nigeria",#BATSHET2023
waltopd,"@sowedowo I am not with you ... Backward Never , Forward ever... #Agbadoeconomy #Agbadorevolution 
#BATSHET2023 in sha Allah",2022-11-18 10:56:57+00:00,0,,,,Nigeria,#BATSHET2023
Oomz21,"RT @hadjimart1: Resumed work today in one of my best kaftans capped with BAT‚Äôs logo Cap from my brother @Wanzaaam 
If u like say u no go bu‚Ä¶",2022-11-18 10:48:25+00:00,0,,,,,#BATSHET2023
tfk_gawat,"RT @hadjimart1: Resumed work today in one of my best kaftans capped with BAT‚Äôs logo Cap from my brother @Wanzaaam 
If u like say u no go bu‚Ä¶",2022-11-18 10:46:11+00:00,0,,,,Nigeria üá≥üá¨,#BATSHET2023
mac_alloy,"RT @hadjimart1: Resumed work today in one of my best kaftans capped with BAT‚Äôs logo Cap from my brother @Wanzaaam 
If u like say u no go bu‚Ä¶",2022-11-18 10:30:21+00:00,0,,,,"Lagos, Nigeria",#BATSHET2023
Mayordavid_9,"RT @hadjimart1: Resumed work today in one of my best kaftans capped with BAT‚Äôs logo Cap from my brother @Wanzaaam 
If u like say u no go bu‚Ä¶",2022-11-18 10:22:12+00:00,0,,,,,#BATSHET2023
AyoSkyper,"RT @hadjimart1: Resumed work today in one of my best kaftans capped with BAT‚Äôs logo Cap from my brother @Wanzaaam 
If u like say u no go bu‚Ä¶",2022-11-18 10:19:05+00:00,0,,,,World,#BATSHET2023
zu_lly_,"RT @hadjimart1: Resumed work today in one of my best kaftans capped with BAT‚Äôs logo Cap from my brother @Wanzaaam 
If u like say u no go bu‚Ä¶",2022-11-18 10:08:51+00:00,0,,,,"Lagos, Nigeria",#BATSHET2023
umar_akinkunmi,"RT @hadjimart1: Resumed work today in one of my best kaftans capped with BAT‚Äôs logo Cap from my brother @Wanzaaam 
If u like say u no go bu‚Ä¶",2022-11-18 10:08:18+00:00,0,,,,,#BATSHET2023
zeal_enigma,"RT @hadjimart1: Resumed work today in one of my best kaftans capped with BAT‚Äôs logo Cap from my brother @Wanzaaam 
If u like say u no go bu‚Ä¶",2022-11-18 09:51:03+00:00,0,,,,,#BATSHET2023
hadjimart1,"Resumed work today in one of my best kaftans capped with BAT‚Äôs logo Cap from my brother @Wanzaaam 
If u like say u no go buy wrist watches from me again na your headache. God is with us #Asiwaju #BATSHET2023 B‚Äôithnillah ü§≤ https://t.co/phHGqZylHq",2022-11-18 09:41:44+00:00,137,,,,"Lagos, Nigeria",#BATSHET2023
qhabeel,"@yemi__ajayi @woye1 Abeg which of their fav?

They thought Asiwaju is thier mate wey go dey engage them at every lies they spew. 

BAT is way ahead. 

#BATSHET2023",2022-11-18 08:52:09+00:00,5,,,,,#BATSHET2023
yemileel,RT @PBALegal: The most popular logo in the history of Nigeria. Brace up and receive Renewed Hope in 2023. #ABAT #ABAT2023 #BATSHET #BATSHET‚Ä¶,2022-11-18 06:39:03+00:00,0,,,,"Ibada, Nigeria",#BATSHET2023
HamzaManko,@aisha_yaGuda Insha Allah incoming president @officialABAT @KashimSM #BATSHET2023 üíØ%‚úÖ‚úÖ,2022-11-18 05:53:17+00:00,1,,,,,#BATSHET2023
Damilare1213,RT @PBALegal: The most popular logo in the history of Nigeria. Brace up and receive Renewed Hope in 2023. #ABAT #ABAT2023 #BATSHET #BATSHET‚Ä¶,2022-11-18 05:51:49+00:00,0,,,,,#BATSHET2023
eruobodo99,RT @PBALegal: The most popular logo in the history of Nigeria. Brace up and receive Renewed Hope in 2023. #ABAT #ABAT2023 #BATSHET #BATSHET‚Ä¶,2022-11-18 04:50:18+00:00,0,,,,"Lagos, Nigeria",#BATSHET2023
